PLAYER,EST. BASE SALARY,BIO,,,"GROSS P/W
(EUR)","GROSS P/Y
(EUR)","ADJ. GROSS
(EUR)","POS.
 D
F
K
M",AGE,COUNTRY,CLUB
Gleison Bremer,"€178,077","€9,260,000","€9,260,000",D,26,Brazil,Juventus,,,,
Romelu Lukaku,"€172,500","€8,970,000","€8,970,000",F,30,Belgium,Roma,,,,
Stefan de Vrij,"€135,385","€7,040,000","€7,040,000",D,31,Netherlands,Inter Milan,,,,
Federico Chiesa,"€178,077","€9,260,000","€9,260,000",F,26,Italy,Juventus,,,,
Lautaro Martinez,"€213,654","€11,110,000","€11,110,000",F,26,Argentina,Inter Milan,,,,
Ciro Immobile,"€142,500","€7,410,000","€7,410,000",F,33,Italy,Lazio,,,,
Victor Osimhen,"€246,538","€12,820,000","€12,820,000",F,25,Nigeria,Napoli,,,,
Gianluca Mancini,"€124,615","€6,480,000","€6,480,000",D,27,Italy,Roma,,,,
Adrien Rabiot,"€172,500","€8,970,000","€8,970,000",M,28,France,Juventus,,,,
Hakan Calhanoglu,"€213,654","€11,110,000","€11,110,000",M,29,Turkey,Inter Milan,,,,
Ismael Bennacer,"€135,385","€7,040,000","€7,040,000",M,26,Algeria,AC Milan,,,,
Alex Sandro,"€213,654","€11,110,000","€11,110,000",D,33,Brazil,Juventus,,,,
Piotr Zielinski,"€124,615","€6,480,000","€6,480,000",M,29,Poland,Napoli,,,,
Obite N'Dicka,"€98,654","€5,130,000","€5,130,000",D,24,Cote d'Ivoire,Roma,,,,
Paulo Dybala,"€135,385","€7,040,000","€7,040,000",F,30,Argentina,Roma,,,,
Nicolo Barella,"€231,538","€12,040,000","€12,040,000",M,27,Italy,Inter Milan,,,,
Rafael Leao,"€123,269","€6,410,000","€6,410,000",F,24,Portugal,AC Milan,,,,
Marcus Thuram,"€147,885","€7,690,000","€7,690,000",F,26,France,Inter Milan,,,,
Manuel Locatelli,"€117,500","€6,110,000","€6,110,000",M,26,Italy,Juventus,,,,
Benjamin Pavard,"€123,269","€6,410,000","€6,410,000",D,27,France,Inter Milan,,,,
Alessandro Bastoni,"€195,962","€10,190,000","€10,190,000",D,24,Italy,Inter Milan,,,,
Dusan Vlahovic,"€249,231","€12,960,000","€12,960,000",F,24,Serbia,Juventus,,,,
Federico Dimarco,"€124,615","€6,480,000","€6,480,000",D,26,Italy,Inter Milan,,,,
Lorenzo Pellegrini,"€124,615","€6,480,000","€6,480,000",F,27,Italy,Roma,,,,
Wojciech Szczesny,"€231,538","€12,040,000","€12,040,000",K,33,Poland,Juventus,,,,
Luis Alberto,"€142,500","€7,410,000","€7,410,000",M,31,Spain,Lazio,,,,
Nikola Milenkovic,"€106,923","€5,560,000","€5,560,000",D,26,Serbia,Fiorentina,,,,
Danilo,"€98,654","€5,130,000","€5,130,000",D,32,Brazil,Juventus,,,,
Henrikh Mkhitaryan,"€93,654","€4,870,000","€4,870,000",M,35,Armenia,Inter Milan,,,,
Ruben Loftus-Cheek,"€98,654","€5,130,000","€5,130,000",M,28,England,AC Milan,,,,
Gianluca Scamacca,"€114,038","€5,930,000","€5,930,000",F,25,Italy,Atalanta,,,,
Davide Frattesi,"€99,808","€5,190,000","€5,190,000",M,24,Italy,Inter Milan,,,,
Theo Hernandez,"€98,654","€5,130,000","€5,130,000",D,26,France,AC Milan,,,,
Matteo Politano,"€114,038","€5,930,000","€5,930,000",F,30,Italy,Napoli,,,,
Domenico Berardi,"€106,923","€5,560,000","€5,560,000",F,29,Italy,Sassuolo,,,,
Tammy Abraham,"€110,962","€5,770,000","€5,770,000",F,26,England,Roma,,,,
Giacomo Raspadori,"€89,038","€4,630,000","€4,630,000",F,23,Italy,Napoli,,,,
Christian Pulisic,"€98,654","€5,130,000","€5,130,000",F,25,United States,AC Milan,,,,
Federico Fazio,"€89,038","€4,630,000","€4,630,000",D,36,Argentina,Salernitana,,,,
Leonardo Spinazzola,"€106,923","€5,560,000","€5,560,000",D,30,Italy,Roma,,,,
Stephan El Shaarawy,"€89,038","€4,630,000","€4,630,000",F,31,Italy,Roma,,,,
Alessandro Florenzi,"€106,923","€5,560,000","€5,560,000",D,32,Italy,AC Milan,,,,
Leandro Paredes,"€110,962","€5,770,000","€5,770,000",M,29,Argentina,Roma,,,,
Samuel Chukwueze,"€98,654","€5,130,000","€5,130,000",F,24,Nigeria,AC Milan,,,,
Alessio Romagnoli,"€99,808","€5,190,000","€5,190,000",D,29,Italy,Lazio,,,,
Bryan Cristante,"€99,808","€5,190,000","€5,190,000",M,28,Italy,Roma,,,,
Alexis Sanchez,"€89,038","€4,630,000","€4,630,000",F,35,Chile,Inter Milan,,,,
Giovanni Di Lorenzo,"€106,923","€5,560,000","€5,560,000",D,30,Italy,Napoli,,,,
Simon Kjar,"€36,923","€1,920,000","€1,920,000",D,34,Denmark,AC Milan,,,,
Leander Dendoncker,"€106,923","€5,560,000","€5,560,000",M,28,Belgium,Napoli,,,,
Juan Cuadrado,"€89,038","€4,630,000","€4,630,000",M,35,Colombia,Inter Milan,,,,
Andrea Pinamonti,"€85,385","€4,440,000","€4,440,000",F,24,Italy,Sassuolo,,,,
Duvan Zapata,"€89,038","€4,630,000","€4,630,000",F,32,Colombia,Torino,,,,
Mattia Caldara,"€78,269","€4,070,000","€4,070,000",D,29,Italy,AC Milan,,,,
Renato Sanches,"€88,846","€4,620,000","€4,620,000",M,26,Portugal,Roma,,,,
Daichi Kamada,"€74,038","€3,850,000","€3,850,000",F,27,Japan,Lazio,,,,
Tiago Djalo,"€71,154","€3,700,000","€3,700,000",D,23,Portugal,Juventus,,,,
Marko Arnautovic,"€74,038","€3,850,000","€3,850,000",F,34,Austria,Inter Milan,,,,
Fikayo Tomori,"€86,346","€4,490,000","€4,490,000",D,26,England,AC Milan,,,,
Stefano Sensi,"€71,154","€3,700,000","€3,700,000",M,28,Italy,Inter Milan,,,,
Arkadiusz Milik,"€86,346","€4,490,000","€4,490,000",F,29,Poland,Juventus,,,,
Andrea Petagna,"€78,269","€4,070,000","€4,070,000",F,28,Italy,Cagliari,,,,
Nicolas Gonzalez,"€74,038","€3,850,000","€3,850,000",F,25,Argentina,Fiorentina,,,,
Daniele Rugani,"€71,154","€3,700,000","€3,700,000",D,29,Italy,Juventus,,,,
Davide Calabria,"€71,154","€3,700,000","€3,700,000",D,27,Italy,AC Milan,,,,
Moise Kean,"€74,038","€3,850,000","€3,850,000",F,23,Italy,Juventus,,,,
Junior Messias,"€71,154","€3,700,000","€3,700,000",F,32,Brazil,Genoa,,,,
Rick Karsdorp,"€78,269","€4,070,000","€4,070,000",D,28,Netherlands,Roma,,,,
Riccardo Orsolini,"€71,154","€3,700,000","€3,700,000",F,27,Italy,Bologna,,,,
Elseid Hysaj,"€78,269","€4,070,000","€4,070,000",D,30,Albania,Lazio,,,,
Adam Marusic,"€78,269","€4,070,000","€4,070,000",D,31,Montenegro,Lazio,,,,
Chris Smalling,"€86,346","€4,490,000","€4,490,000",D,34,England,Roma,,,,
Nicolo Rovella,"€71,154","€3,700,000","€3,700,000",M,22,Italy,Lazio,,,,
Olivier Giroud,"€86,346","€4,490,000","€4,490,000",F,37,France,AC Milan,,,,
Rui Patricio,"€74,038","€3,850,000","€3,850,000",K,35,Portugal,Roma,,,,
Andrea Cambiaso,"€85,385","€4,440,000","€4,440,000",D,24,Italy,Juventus,,,,
Houssem Aouar,"€69,038","€3,590,000","€3,590,000",M,25,Algeria,Roma,,,,
Matteo Darmian,"€61,731","€3,210,000","€3,210,000",D,34,Italy,Inter Milan,,,,
Matteo Guendouzi,"€61,731","€3,210,000","€3,210,000",M,24,France,Lazio,,,,
Alex Meret,"€71,154","€3,700,000","€3,700,000",K,26,Italy,Napoli,,,,
Yann Sommer,"€61,731","€3,210,000","€3,210,000",K,35,Switzerland,Inter Milan,,,,
Mattia Zaccagni,"€67,692","€3,520,000","€3,520,000",F,28,Italy,Lazio,,,,
Mike Maignan,"€69,038","€3,590,000","€3,590,000",K,28,France,AC Milan,,,,
Leo Skiri Ostigard,"€29,615","€1,540,000","€1,540,000",D,24,Norway,Napoli,,,,
Diego Demme,"€61,731","€3,210,000","€3,210,000",M,32,Germany,Napoli,,,,
Victor Bernth Kristiansen,"€28,846","€1,500,000","€1,500,000",D,21,Denmark,Bologna,,,,
Denzel Dumfries,"€61,731","€3,210,000","€3,210,000",M,27,Netherlands,Inter Milan,,,,
Matias Vecino,"€64,038","€3,330,000","€3,330,000",M,32,Uruguay,Lazio,,,,
Stanislav Lobotka,"€69,038","€3,590,000","€3,590,000",M,29,Slovakia,Napoli,,,,
Mario Rui,"€64,038","€3,330,000","€3,330,000",D,32,Portugal,Napoli,,,,
Amir Rrahmani,"€61,731","€3,210,000","€3,210,000",D,29,Kosovo,Napoli,,,,
Luka Jovic,"€61,731","€3,210,000","€3,210,000",F,26,Serbia,AC Milan,,,,
Marash Kumbulla,"€64,038","€3,330,000","€3,330,000",D,23,Albania,Sassuolo,,,,
Marash Kumbulla,"€64,038","€3,330,000","€3,330,000",D,23,Albania,Roma,,,,
Ridgeciano Haps,"€61,731","€3,210,000","€3,210,000",D,30,Suriname,Genoa,,,,
Lautaro Gianetti,"€26,731","€1,390,000","€1,390,000",D,30,Argentina,Udinese,,,,
Diego Llorente,"€66,538","€3,460,000","€3,460,000",D,30,Spain,Roma,,,,
Charles De Ketelaere,"€61,731","€3,210,000","€3,210,000",F,23,Belgium,Atalanta,,,,
Giovanni Simeone,"€64,038","€3,330,000","€3,330,000",F,28,Argentina,Napoli,,,,
Filip Kostic,"€61,731","€3,210,000","€3,210,000",M,31,Serbia,Juventus,,,,
Mattia Perin,"€53,462","€2,780,000","€2,780,000",K,31,Italy,Juventus,,,,
Rolando Mandragora,"€56,923","€2,960,000","€2,960,000",M,26,Italy,Fiorentina,,,,
Antonin Barak,"€53,462","€2,780,000","€2,780,000",F,29,Czech Republic,Fiorentina,,,,
Pantelis Hatzidiakos,"€18,462","€960,000","€960,000",D,27,Greece,Cagliari,,,,
Rade Krunic,"€53,462","€2,780,000","€2,780,000",M,29,Bosnia-Herzegovina,AC Milan,,,,
Giacomo Bonaventura,"€53,462","€2,780,000","€2,780,000",M,34,Italy,Fiorentina,,,,
Armando Izzo,"€60,577","€3,150,000","€3,150,000",D,31,Italy,Monza,,,,
Jesper Lindstrom,"€56,731","€2,950,000","€2,950,000",F,23,Denmark,Napoli,,,,
M'Bala Nzola,"€53,462","€2,780,000","€2,780,000",F,27,Angola,Fiorentina,,,,
Ricardo Rodriguez,"€53,462","€2,780,000","€2,780,000",D,31,Switzerland,Torino,,,,
Antonio Sanabria,"€56,923","€2,960,000","€2,960,000",F,27,Paraguay,Torino,,,,
Carlos Augusto,"€54,231","€2,820,000","€2,820,000",M,25,Brazil,Inter Milan,,,,
Manuel Lazzari,"€60,577","€3,150,000","€3,150,000",M,30,Italy,Lazio,,,,
Felipe Anderson,"€54,231","€2,820,000","€2,820,000",F,30,Brazil,Lazio,,,,
Danilo Cataldi,"€53,462","€2,780,000","€2,780,000",M,29,Italy,Lazio,,,,
Pedro,"€54,231","€2,820,000","€2,820,000",F,36,Spain,Lazio,,,,
Tajon Buchanan,"€53,462","€2,780,000","€2,780,000",M,24,Canada,Inter Milan,,,,
Juan Musso,"€56,923","€2,960,000","€2,960,000",K,29,Argentina,Atalanta,,,,
Vitinha,"€57,692","€3,000,000","€3,000,000",F,23,Portugal,Genoa,,,,
Mitchel Bakker,"€54,231","€2,820,000","€2,820,000",M,23,Netherlands,Atalanta,,,,
Cristiano Biraghi,"€60,577","€3,150,000","€3,150,000",D,31,Italy,Fiorentina,,,,
Fabiano Parisi,"€53,462","€2,780,000","€2,780,000",D,23,Italy,Fiorentina,,,,
Francesco Acerbi,"€53,462","€2,780,000","€2,780,000",D,35,Italy,Inter Milan,,,,
Weston McKennie,"€61,731","€3,210,000","€3,210,000",M,25,United States,Juventus,,,,
Charalambos Lykogiannis,"€17,885","€930,000","€930,000",D,30,Greece,Bologna,,,,
Pierre Kalulu,"€49,231","€2,560,000","€2,560,000",D,23,France,AC Milan,,,,
Timothy Weah,"€49,231","€2,560,000","€2,560,000",M,23,United States,Juventus,,,,
Sead Kolasinac,"€49,231","€2,560,000","€2,560,000",D,30,Bosnia-Herzegovina,Atalanta,,,,
Marin Pongracic,"€48,077","€2,500,000","€2,500,000",D,26,Croatia,Lecce,,,,
Karol Swiderski,"€46,346","€2,410,000","€2,410,000",F,27,Poland,Hellas Verona,,,,
Nikola Vlasic,"€49,231","€2,560,000","€2,560,000",F,26,Croatia,Torino,,,,
Karol Linetty,"€49,808","€2,590,000","€2,590,000",M,29,Poland,Torino,,,,
Zeki Celik,"€49,231","€2,560,000","€2,560,000",D,26,Turkey,Roma,,,,
Roberto Gagliardini,"€53,462","€2,780,000","€2,780,000",M,30,Italy,Monza,,,,
Mattia De Sciglio,"€53,462","€2,780,000","€2,780,000",D,31,Italy,Juventus,,,,
Ederson,"€49,231","€2,560,000","€2,560,000",M,24,Brazil,Atalanta,,,,
Antonio Candreva,"€46,346","€2,410,000","€2,410,000",M,36,Italy,Salernitana,,,,
Florian Thauvin,"€44,423","€2,310,000","€2,310,000",F,31,France,Udinese,,,,
Federico Gatti,"€49,808","€2,590,000","€2,590,000",D,25,Italy,Juventus,,,,
Luca Pellegrini,"€46,346","€2,410,000","€2,410,000",D,24,Italy,Lazio,,,,
Rasmus Kristensen,"€49,231","€2,560,000","€2,560,000",D,26,Denmark,Roma,,,,
Andrea Belotti,"€49,808","€2,590,000","€2,590,000",F,30,Italy,Roma,,,,
Noah Okafor,"€49,231","€2,560,000","€2,560,000",F,23,Switzerland,AC Milan,,,,
Alfred Duncan,"€46,346","€2,410,000","€2,410,000",M,30,Ghana,Fiorentina,,,,
Nicolo Fagioli,"€53,462","€2,780,000","€2,780,000",M,22,Italy,Juventus,,,,
Gaetano Castrovilli,"€49,808","€2,590,000","€2,590,000",M,26,Italy,Fiorentina,,,,
Kevin Strootman,"€49,231","€2,560,000","€2,560,000",M,33,Netherlands,Genoa,,,,
Luca Mazzitelli,"€49,808","€2,590,000","€2,590,000",M,28,Italy,Frosinone,,,,
Boulaye Dia,"€49,231","€2,560,000","€2,560,000",F,27,Senegal,Salernitana,,,,
Yunus Musah,"€49,231","€2,560,000","€2,560,000",M,21,United States,AC Milan,,,,
Pablo Mari,"€39,423","€2,050,000","€2,050,000",D,30,Spain,Monza,,,,
Luis Muriel,"€44,423","€2,310,000","€2,310,000",F,32,Colombia,Atalanta,,,,
Ademola Lookman,"€44,423","€2,310,000","€2,310,000",F,26,Nigeria,Atalanta,,,,
Federico Bonazzoli,"€42,692","€2,220,000","€2,220,000",F,26,Italy,Hellas Verona,,,,
Mateo Retegui,"€44,423","€2,310,000","€2,310,000",F,24,Italy,Genoa,,,,
Patric,"€42,692","€2,220,000","€2,220,000",D,30,Spain,Lazio,,,,
Toma Basic,"€39,423","€2,050,000","€2,050,000",M,26,Croatia,Lazio,,,,
Toma Basic,"€39,423","€2,050,000","€2,050,000",M,27,Croatia,Salernitana,,,,
Lucas Beltran,"€44,423","€2,310,000","€2,310,000",F,22,Argentina,Fiorentina,,,,
Tommaso Baldanzi,"€38,462","€2,000,000","€2,000,000",F,20,Italy,Roma,,,,
Angelino,"€38,462","€2,000,000","€2,000,000",D,27,Spain,Roma,,,,
Nahitan Nandez,"€39,423","€2,050,000","€2,050,000",M,28,Uruguay,Cagliari,,,,
Gianluca Lapadula,"€39,231","€2,040,000","€2,040,000",F,33,Peru,Cagliari,,,,
Christian Kouame,"€42,692","€2,220,000","€2,220,000",F,26,Cote d'Ivoire,Fiorentina,,,,
Raoul Bellanova,"€42,692","€2,220,000","€2,220,000",M,23,Italy,Torino,,,,
Valentin Castellanos,"€44,423","€2,310,000","€2,310,000",F,25,Argentina,Lazio,,,,
Suat Serdar,"€39,423","€2,050,000","€2,050,000",M,26,Germany,Hellas Verona,,,,
Josip Brekalo,"€39,423","€2,050,000","€2,050,000",F,25,Croatia,Fiorentina,,,,
Tijjani Reijnders,"€41,923","€2,180,000","€2,180,000",M,25,Netherlands,AC Milan,,,,
Sardar Azmoun,"€41,923","€2,180,000","€2,180,000",F,29,Iran,Roma,,,,
Papu Gomez,"€36,923","€1,920,000","€1,920,000",F,35,Argentina,Monza,,,,
Khvicha Kvaratskhelia,"€39,423","€2,050,000","€2,050,000",F,22,Georgia,Napoli,,,,
Jonathan Ikone,"€41,923","€2,180,000","€2,180,000",F,25,France,Fiorentina,,,,
Lucas Martinez Quarta,"€36,923","€1,920,000","€1,920,000",D,27,Argentina,Fiorentina,,,,
Davy Klaassen,"€36,923","€1,920,000","€1,920,000",M,30,Netherlands,Inter Milan,,,,
Junior Sambia,"€36,923","€1,920,000","€1,920,000",D,27,France,Salernitana,,,,
Eldor Shomurodov,"€36,923","€1,920,000","€1,920,000",F,28,Uzbekistan,Cagliari,,,,
Teun Koopmeiners,"€36,923","€1,920,000","€1,920,000",M,25,Netherlands,Atalanta,,,,
Pasquale Mazzocchi,"€35,577","€1,850,000","€1,850,000",D,28,Italy,Napoli,,,,
Giulio Maggiore,"€35,577","€1,850,000","€1,850,000",M,25,Italy,Salernitana,,,,
Tommaso Pobega,"€35,577","€1,850,000","€1,850,000",M,24,Italy,AC Milan,,,,
Rafael Toloi,"€35,577","€1,850,000","€1,850,000",D,33,Italy,Atalanta,,,,
Fabio Miretti,"€35,577","€1,850,000","€1,850,000",M,20,Italy,Juventus,,,,
Mathias Olivera,"€36,923","€1,920,000","€1,920,000",D,26,Uruguay,Napoli,,,,
Yerry Mina,"€36,923","€1,920,000","€1,920,000",D,28,Colombia,Fiorentina,,,,
Juan David Cabal,"€12,500","€650,000","€650,000",D,23,Colombia,Hellas Verona,,,,
Ivan Provedel,"€35,577","€1,850,000","€1,850,000",K,29,Italy,Lazio,,,,
Valentino Lazaro,"€36,923","€1,920,000","€1,920,000",M,27,Austria,Torino,,,,
Juan Jesus,"€35,577","€1,850,000","€1,850,000",D,32,Brazil,Napoli,,,,
Yerry Mina,"€36,923","€1,920,000","€1,920,000",D,29,Colombia,Cagliari,,,,
Kevin Bonifazi,"€35,577","€1,850,000","€1,850,000",D,27,Italy,Bologna,,,,
Michael Kayode,"€35,577","€1,850,000","€1,850,000",D,19,Italy,Fiorentina,,,,
Marten de Roon,"€35,577","€1,850,000","€1,850,000",M,32,Netherlands,Atalanta,,,,
Gustav Isaksen,"€36,923","€1,920,000","€1,920,000",F,22,Denmark,Lazio,,,,
El Bilal Toure,"€36,923","€1,920,000","€1,920,000",F,22,Mali,Atalanta,,,,
Mario Pasalic,"€35,577","€1,850,000","€1,850,000",F,28,Croatia,Atalanta,,,,
Dodo,"€36,923","€1,920,000","€1,920,000",D,25,Brazil,Fiorentina,,,,
Triantafyllos Pasaridis,"€7,885","€410,000","€410,000",D,27,Greece,Salernitana,,,,
Perr Schuurs,"€34,423","€1,790,000","€1,790,000",D,24,Netherlands,Torino,,,,
Danilo D'Ambrosio,"€35,577","€1,850,000","€1,850,000",D,35,Italy,Monza,,,,
Andrea Consigli,"€35,577","€1,850,000","€1,850,000",K,37,Italy,Sassuolo,,,,
Kevin Bonifazi,"€35,577","€1,850,000","€1,850,000",D,27,Italy,Frosinone,,,,
Marco Silvestri,"€35,577","€1,850,000","€1,850,000",K,32,Italy,Udinese,,,,
Gianluca Caprari,"€32,115","€1,670,000","€1,670,000",F,30,Italy,Monza,,,,
Andrea Belotti,"€35,577","€1,850,000","€1,850,000",F,30,Italy,Fiorentina,,,,
Milan Badelj,"€34,423","€1,790,000","€1,790,000",M,35,Croatia,Genoa,,,,
Nicolo Casale,"€35,577","€1,850,000","€1,850,000",D,25,Italy,Lazio,,,,
Lorenzo De Silvestri,"€32,115","€1,670,000","€1,670,000",D,35,Italy,Bologna,,,,
Lukasz Skorupski,"€32,115","€1,670,000","€1,670,000",K,32,Poland,Bologna,,,,
Samuele Ricci,"€35,577","€1,850,000","€1,850,000",M,22,Italy,Torino,,,,
Christian Kabasele,"€32,115","€1,670,000","€1,670,000",D,32,Belgium,Udinese,,,,
Isak Hien,"€32,115","€1,670,000","€1,670,000",D,25,Sweden,Atalanta,,,,
Hamed Junior Traore,"€35,577","€1,850,000","€1,850,000",F,23,Cote d'Ivoire,Napoli,,,,
Davide Zappacosta,"€32,115","€1,670,000","€1,670,000",M,31,Italy,Atalanta,,,,
Edoardo Bove,"€35,577","€1,850,000","€1,850,000",M,21,Italy,Roma,,,,
Riccardo Saponara,"€35,577","€1,850,000","€1,850,000",F,31,Italy,Hellas Verona,,,,
Remo Freuler,"€35,577","€1,850,000","€1,850,000",M,31,Switzerland,Bologna,,,,
Luca Ranieri,"€32,115","€1,670,000","€1,670,000",D,24,Italy,Fiorentina,,,,
Yann Karamoh,"€35,577","€1,850,000","€1,850,000",F,25,Cote d'Ivoire,Torino,,,,
Jakub Jankto,"€35,577","€1,850,000","€1,850,000",M,28,Czech Republic,Cagliari,,,,
Alessio Cragno,"€35,577","€1,850,000","€1,850,000",K,29,Italy,Sassuolo,,,,
Sebastiano Luperto,"€35,577","€1,850,000","€1,850,000",D,27,Italy,Empoli,,,,
Cyril Ngonge,"€29,615","€1,540,000","€1,540,000",F,23,Belgium,Napoli,,,,
Pierluigi Gollini,"€28,462","€1,480,000","€1,480,000",K,28,Italy,Napoli,,,,
Kaio Jorge,"€29,615","€1,540,000","€1,540,000",F,22,Brazil,Frosinone,,,,
Josh Doig,"€29,615","€1,540,000","€1,540,000",D,21,Scotland,Sassuolo,,,,
Ivan Ilic,"€29,615","€1,540,000","€1,540,000",M,22,Serbia,Torino,,,,
Matteo Pessina,"€28,462","€1,480,000","€1,480,000",M,26,Italy,Monza,,,,
Guillermo Ochoa,"€28,462","€1,480,000","€1,480,000",K,38,Mexico,Salernitana,,,,
Samu Castillejo,"€29,615","€1,540,000","€1,540,000",F,29,Spain,Sassuolo,,,,
Patrick Ciurria,"€28,462","€1,480,000","€1,480,000",M,28,Italy,Monza,,,,
Pietro Terracciano,"€28,462","€1,480,000","€1,480,000",K,33,Italy,Fiorentina,,,,
Matteo Cancellieri,"€28,462","€1,480,000","€1,480,000",F,21,Italy,Empoli,,,,
Matias Vina,"€29,615","€1,540,000","€1,540,000",D,25,Uruguay,Sassuolo,,,,
Gregoire Defrel,"€30,192","€1,570,000","€1,570,000",F,32,France,Sassuolo,,,,
Jens Cajuste,"€29,615","€1,540,000","€1,540,000",M,24,Sweden,Napoli,,,,
Marco Mancosu,"€28,846","€1,500,000","€1,500,000",F,35,Italy,Cagliari,,,,
Nedim Bajrami,"€29,615","€1,540,000","€1,540,000",F,24,Albania,Sassuolo,,,,
Matteo Gabbia,"€28,462","€1,480,000","€1,480,000",D,24,Italy,AC Milan,,,,
Berat Djimsiti,"€28,462","€1,480,000","€1,480,000",D,30,Albania,Atalanta,,,,
Alessandro Buongiorno,"€28,462","€1,480,000","€1,480,000",D,24,Italy,Torino,,,,
Emil Audero,"€28,462","€1,480,000","€1,480,000",K,27,Italy,Inter Milan,,,,
Valentin Carboni,"€28,462","€1,480,000","€1,480,000",F,18,Argentina,Monza,,,,
Marcus Pedersen,"€5,962","€310,000","€310,000",D,23,Norway,Sassuolo,,,,
Norbert Gyomber,"€25,000","€1,300,000","€1,300,000",D,31,Slovakia,Salernitana,,,,
Leonardo Pavoletti,"€25,000","€1,300,000","€1,300,000",F,35,Italy,Cagliari,,,,
Mehdi Bourabia,"€25,000","€1,300,000","€1,300,000",M,32,Morocco,Frosinone,,,,
Vanja Milinkovic-Savic,"€25,000","€1,300,000","€1,300,000",K,26,Serbia,Torino,,,,
Cristian Volpato,"€25,000","€1,300,000","€1,300,000",F,20,Italy,Sassuolo,,,,
Alberto Grassi,"€25,000","€1,300,000","€1,300,000",M,28,Italy,Empoli,,,,
Mattia Bani,"€25,000","€1,300,000","€1,300,000",D,30,Italy,Genoa,,,,
Jose Luis Palomino,"€28,462","€1,480,000","€1,480,000",D,34,Argentina,Atalanta,,,,
Ruben Vinagre,"€28,462","€1,480,000","€1,480,000",D,24,Portugal,Hellas Verona,,,,
Nicolas Viola,"€26,731","€1,390,000","€1,390,000",M,34,Italy,Cagliari,,,,
Filippo Terracciano,"€28,462","€1,480,000","€1,480,000",D,20,Italy,AC Milan,,,,
Hans Hateboer,"€28,462","€1,480,000","€1,480,000",M,30,Netherlands,Atalanta,,,,
Kristjan Asllani,"€28,462","€1,480,000","€1,480,000",M,21,Albania,Inter Milan,,,,
Aaron Martin,"€24,615","€1,280,000","€1,280,000",D,26,Spain,Genoa,,,,
Michele Di Gregorio,"€25,000","€1,300,000","€1,300,000",K,26,Italy,Monza,,,,
Riccardo Marchizza,"€25,000","€1,300,000","€1,300,000",D,25,Italy,Frosinone,,,,
Antonio Mirante,"€25,000","€1,300,000","€1,300,000",K,40,Italy,AC Milan,,,,
Mile Svilar,"€24,615","€1,280,000","€1,280,000",K,24,Serbia,Roma,,,,
Francesco Caputo,"€26,731","€1,390,000","€1,390,000",F,36,Italy,Empoli,,,,
Natan,"€27,115","€1,410,000","€1,410,000",D,22,Brazil,Napoli,,,,
Hassane Kamara,"€22,115","€1,150,000","€1,150,000",D,29,Cote d'Ivoire,Udinese,,,,
Domagoj Bradaric,"€24,615","€1,280,000","€1,280,000",D,24,Croatia,Salernitana,,,,
Alexis Saelemaekers,"€24,615","€1,280,000","€1,280,000",F,24,Belgium,Bologna,,,,
Luca Caldirola,"€24,231","€1,260,000","€1,260,000",D,33,Italy,Monza,,,,
Nikola Moro,"€23,846","€1,240,000","€1,240,000",M,25,Croatia,Bologna,,,,
Darko Lazovic,"€21,346","€1,110,000","€1,110,000",M,33,Serbia,Hellas Verona,,,,
Adam Masina,"€22,115","€1,150,000","€1,150,000",D,30,Morocco,Torino,,,,
Edoardo Goldaniga,"€21,346","€1,110,000","€1,110,000",D,29,Italy,Cagliari,,,,
Koffi Djidji,"€22,115","€1,150,000","€1,150,000",D,31,Cote d'Ivoire,Torino,,,,
George Puscas,"€22,115","€1,150,000","€1,150,000",F,27,Romania,Genoa,,,,
Mario Gila,"€24,615","€1,280,000","€1,280,000",D,23,Spain,Lazio,,,,
Youssef Maleh,"€21,346","€1,110,000","€1,110,000",M,25,Morocco,Empoli,,,,
Razvan Marin,"€24,615","€1,280,000","€1,280,000",M,27,Romania,Empoli,,,,
Armand Lauriente,"€22,115","€1,150,000","€1,150,000",F,25,France,Sassuolo,,,,
Daniel Boloca,"€21,346","€1,110,000","€1,110,000",M,25,Italy,Sassuolo,,,,
Pietro Pellegri,"€24,615","€1,280,000","€1,280,000",F,22,Italy,Torino,,,,
Ruslan Malinovskyi,"€24,615","€1,280,000","€1,280,000",F,30,Ukraine,Genoa,,,,
Federico Baschirotto,"€21,346","€1,110,000","€1,110,000",D,27,Italy,Lecce,,,,
Adrien Tameze,"€24,615","€1,280,000","€1,280,000",M,29,Cameroon,Torino,,,,
Filip Jagiello,"€21,346","€1,110,000","€1,110,000",M,26,Poland,Genoa,,,,
Joshua Zirkzee,"€22,115","€1,150,000","€1,150,000",F,22,Netherlands,Bologna,,,,
Adam Masina,"€22,115","€1,150,000","€1,150,000",D,29,Morocco,Udinese,,,,
Wladimiro Falcone,"€21,346","€1,110,000","€1,110,000",K,28,Italy,Lecce,,,,
Yacine Adli,"€19,808","€1,030,000","€1,030,000",M,23,France,AC Milan,,,,
Thomas Henry,"€19,808","€1,030,000","€1,030,000",F,29,France,Hellas Verona,,,,
Walace,"€19,808","€1,030,000","€1,030,000",M,28,Brazil,Udinese,,,,
Dan Ndoye,"€19,808","€1,030,000","€1,030,000",F,23,Switzerland,Bologna,,,,
Dany Mota,"€21,346","€1,110,000","€1,110,000",F,25,Portugal,Monza,,,,
Johan Vasquez,"€19,808","€1,030,000","€1,030,000",D,25,Mexico,Genoa,,,,
Pedro Obiang,"€20,962","€1,090,000","€1,090,000",M,31,Equatorial Guinea,Sassuolo,,,,
Morten Thorsby,"€20,000","€1,040,000","€1,040,000",M,27,Norway,Genoa,,,,
Emmanuel Gyasi,"€21,346","€1,110,000","€1,110,000",F,30,Ghana,Empoli,,,,
Caleb Okoli,"€20,000","€1,040,000","€1,040,000",D,22,Italy,Frosinone,,,,
Luka Romero,"€19,808","€1,030,000","€1,030,000",F,18,Argentina,AC Milan,,,,
Malick Thiaw,"€19,808","€1,030,000","€1,030,000",D,22,Germany,AC Milan,,,,
Silvan Hefti,"€19,808","€1,030,000","€1,030,000",D,25,Switzerland,Genoa,,,,
Yann Aurel Bisseck,"€19,808","€1,030,000","€1,030,000",D,23,Germany,Inter Milan,,,,
Nemanja Radonjic,"€19,808","€1,030,000","€1,030,000",F,27,Serbia,Torino,,,,
Gian Marco Ferrari,"€21,346","€1,110,000","€1,110,000",D,31,Italy,Sassuolo,,,,
Zito Luvumbo,"€21,346","€1,110,000","€1,110,000",F,21,Angola,Cagliari,,,,
Gvidas Gineitis,"€21,346","€1,110,000","€1,110,000",M,19,Lithuania,Torino,,,,
Jesper Karlsson,"€19,808","€1,030,000","€1,030,000",F,25,Sweden,Bologna,,,,
Morten Frendrup,"€19,808","€1,030,000","€1,030,000",M,22,Denmark,Genoa,,,,
Riccardo Sottil,"€21,346","€1,110,000","€1,110,000",F,24,Italy,Fiorentina,,,,
Ondrej Duda,"€21,154","€1,100,000","€1,100,000",M,29,Slovakia,Hellas Verona,,,,
Giangiacomo Magnani,"€21,346","€1,110,000","€1,110,000",D,28,Italy,Hellas Verona,,,,
Isaac Success,"€20,962","€1,090,000","€1,090,000",F,28,Nigeria,Udinese,,,,
Mattia Destro,"€17,885","€930,000","€930,000",F,32,Italy,Empoli,,,,
Pol Lirola,"€19,231","€1,000,000","€1,000,000",D,26,Spain,Frosinone,,,,
Nicola Sansone,"€19,231","€1,000,000","€1,000,000",F,32,Italy,Lecce,,,,
Brenner,"€18,462","€960,000","€960,000",F,24,Brazil,Udinese,,,,
Antoine Makoumbou,"€18,077","€940,000","€940,000",M,25,Congo,Cagliari,,,,
Fabien Centonze,"€18,462","€960,000","€960,000",D,28,France,Hellas Verona,,,,
Jaka Bijol,"€19,808","€1,030,000","€1,030,000",D,24,Slovenia,Udinese,,,,
Andrea Colpani,"€17,885","€930,000","€930,000",F,24,Italy,Monza,,,,
Emil Bohinen,"€19,231","€1,000,000","€1,000,000",M,24,Norway,Salernitana,,,,
Stefan Posch,"€19,231","€1,000,000","€1,000,000",D,26,Austria,Bologna,,,,
Davide Faraoni,"€17,885","€930,000","€930,000",D,32,Italy,Fiorentina,,,,
Nicolo Cambiaghi,"€17,885","€930,000","€930,000",F,23,Italy,Empoli,,,,
Matteo Ruggeri,"€17,885","€930,000","€930,000",M,21,Italy,Atalanta,,,,
Roberto Pereyra,"€19,808","€1,030,000","€1,030,000",M,33,Argentina,Udinese,,,,
Santiago Castro,"€17,885","€930,000","€930,000",F,19,Argentina,Bologna,,,,
Davide Faraoni,"€17,885","€930,000","€930,000",D,31,Italy,Hellas Verona,,,,
Jhon Lucumi,"€18,462","€960,000","€960,000",D,25,Colombia,Bologna,,,,
Enzo Ebosse,"€19,808","€1,030,000","€1,030,000",D,24,Cameroon,Udinese,,,,
Antonino Gallo,"€18,462","€960,000","€960,000",D,24,Italy,Lecce,,,,
Alberto Cerri,"€19,615","€1,020,000","€1,020,000",F,27,Italy,Empoli,,,,
Emil Bohinen,"€19,231","€1,000,000","€1,000,000",M,24,Norway,Genoa,,,,
Matteo Lovato,"€17,885","€930,000","€930,000",D,23,Italy,Torino,,,,
Martin Hongla,"€15,962","€830,000","€830,000",M,25,Cameroon,Hellas Verona,,,,
Kingsley Ehizibue,"€17,308","€900,000","€900,000",D,28,Netherlands,Udinese,,,,
Samuele Mulattieri,"€15,962","€830,000","€830,000",F,23,Italy,Sassuolo,,,,
Matteo Lovato,"€17,885","€930,000","€930,000",D,23,Italy,Salernitana,,,,
Simone Romagnoli,"€17,885","€930,000","€930,000",D,33,Italy,Frosinone,,,,
Jeremy Toljan,"€17,308","€900,000","€900,000",D,29,Germany,Sassuolo,,,,
Keinan Davis,"€17,308","€900,000","€900,000",F,25,England,Udinese,,,,
Stefano Turati,"€16,346","€850,000","€850,000",K,22,Italy,Frosinone,,,,
Josep Martinez,"€17,885","€930,000","€930,000",K,25,Spain,Genoa,,,,
Marco Sportiello,"€17,885","€930,000","€930,000",K,31,Italy,AC Milan,,,,
Sandi Lovric,"€17,308","€900,000","€900,000",M,25,Slovenia,Udinese,,,,
Martin Payero,"€17,308","€900,000","€900,000",M,25,Argentina,Udinese,,,,
Ardian Ismajli,"€17,308","€900,000","€900,000",D,27,Albania,Empoli,,,,
Szymon Zurkowski,"€17,308","€900,000","€900,000",M,26,Poland,Empoli,,,,
Radu Dragusin,"€17,885","€930,000","€930,000",D,21,Romania,Genoa,,,,
Tommaso Augello,"€17,885","€930,000","€930,000",D,29,Italy,Cagliari,,,,
Sam Beukema,"€17,308","€900,000","€900,000",D,25,Netherlands,Bologna,,,,
Mergim Vojvoda,"€17,308","€900,000","€900,000",M,29,Kosovo,Torino,,,,
Boris Radunovic,"€16,731","€870,000","€870,000",K,27,Serbia,Cagliari,,,,
Paulo Azzi,"€17,885","€930,000","€930,000",D,29,Brazil,Cagliari,,,,
Andrea Carboni,"€17,885","€930,000","€930,000",D,22,Italy,Monza,,,,
Maxime Lopez,"€14,808","€770,000","€770,000",M,26,France,Fiorentina,,,,
Tijjani Noslin,"€14,231","€740,000","€740,000",F,24,Netherlands,Hellas Verona,,,,
Bartosz Bereszynski,"€15,962","€830,000","€830,000",D,31,Poland,Empoli,,,,
Pontus Almqvist,"€14,808","€770,000","€770,000",F,24,Sweden,Lecce,,,,
Lewis Ferguson,"€14,808","€770,000","€770,000",F,24,Scotland,Bologna,,,,
David Okereke,"€14,808","€770,000","€770,000",F,26,Nigeria,Torino,,,,
Nehuen Perez,"€15,962","€830,000","€830,000",D,23,Argentina,Udinese,,,,
Alessandro Zanoli,"€14,231","€740,000","€740,000",D,23,Italy,Salernitana,,,,
Emanuel Vignato,"€14,231","€740,000","€740,000",F,23,Italy,Salernitana,,,,
Abdou Harroui,"€14,808","€770,000","€770,000",M,26,Morocco,Frosinone,,,,
Viktor Kovalenko,"€14,808","€770,000","€770,000",F,27,Ukraine,Empoli,,,,
Lorenzo Venuti,"€14,231","€740,000","€740,000",D,28,Italy,Lecce,,,,
Jerome Boateng,"€14,231","€740,000","€740,000",D,35,Germany,Salernitana,,,,
Brandon Soppy,"€14,808","€770,000","€770,000",D,21,France,Torino,,,,
Kristian Thorstvedt,"€14,808","€770,000","€770,000",F,24,Norway,Sassuolo,,,,
Riccardo Calafiori,"€14,231","€740,000","€740,000",D,21,Italy,Bologna,,,,
Benoit Costil,"€15,962","€830,000","€830,000",K,36,France,Salernitana,,,,
Giuseppe Pezzella,"€15,962","€830,000","€830,000",D,26,Italy,Empoli,,,,
Cyril Ngonge,"€14,808","€770,000","€770,000",F,23,Belgium,Hellas Verona,,,,
Caleb Ekuban,"€14,808","€770,000","€770,000",F,29,Ghana,Genoa,,,,
Demba Seck,"€14,231","€740,000","€740,000",F,22,Senegal,Frosinone,,,,
Dean Huijsen,"€14,231","€740,000","€740,000",D,18,Netherlands,Roma,,,,
Samuele Birindelli,"€15,962","€830,000","€830,000",D,24,Italy,Monza,,,,
Jaime Baez,"€14,615","€760,000","€760,000",F,28,Uruguay,Frosinone,,,,
Isak Hien,"€14,808","€770,000","€770,000",D,24,Sweden,Hellas Verona,,,,
Michael Folorunsho,"€14,231","€740,000","€740,000",M,25,Italy,Hellas Verona,,,,
Giovanni Fabbian,"€14,231","€740,000","€740,000",M,21,Italy,Bologna,,,,
Aleksei Miranchuk,"€53,462","€2,780,000","€2,780,000",F,28,Russia,Atalanta,,,,
Luca Garritano,"€12,885","€670,000","€670,000",F,29,Italy,Frosinone,,,,
Mateusz Wieteska,"€12,308","€640,000","€640,000",D,26,Poland,Cagliari,,,,
Flavius Daniliuc,"€12,308","€640,000","€640,000",D,22,Austria,Salernitana,,,,
Lameck Banda,"€12,308","€640,000","€640,000",F,23,Zambia,Lecce,,,,
Francesco Gelli,"€13,846","€720,000","€720,000",F,27,Italy,Frosinone,,,,
Demba Seck,"€14,231","€740,000","€740,000",F,22,Senegal,Torino,,,,
Alessandro Deiola,"€14,231","€740,000","€740,000",M,28,Italy,Cagliari,,,,
Michel Aebischer,"€12,308","€640,000","€640,000",M,27,Switzerland,Bologna,,,,
Simeon Nwankwo,"€35,577","€1,850,000","€1,850,000",F,31,Nigeria,Salernitana,,,,
Alessandro Zanoli,"€14,231","€740,000","€740,000",D,22,Italy,Napoli,,,,
Alberto Dossena,"€14,231","€740,000","€740,000",D,25,Italy,Cagliari,,,,
Michel Ndary Adopo,"€12,500","€650,000","€650,000",M,23,France,Atalanta,,,,
Etrit Berisha,"€14,231","€740,000","€740,000",K,34,Albania,Empoli,,,,
Adam Obert,"€14,231","€740,000","€740,000",D,21,Slovakia,Cagliari,,,,
Saba Sazonov,"€12,308","€640,000","€640,000",D,22,Georgia,Torino,,,,
David Zima,"€12,308","€640,000","€640,000",D,22,Czech Republic,Torino,,,,
Joan Gonzalez,"€12,308","€640,000","€640,000",M,22,Spain,Lecce,,,,
Koni De Winter,"€14,231","€740,000","€740,000",D,21,Belgium,Genoa,,,,
Mattia Viti,"€11,346","€590,000","€590,000",D,22,Italy,Sassuolo,,,,
Tyronne Ebuehi,"€12,308","€640,000","€640,000",D,28,Nigeria,Empoli,,,,
Dylan Bronn,"€11,154","€580,000","€580,000",D,28,Tunisia,Salernitana,,,,
Alexis Blin,"€12,308","€640,000","€640,000",M,27,France,Lecce,,,,
Uros Racic,"€12,308","€640,000","€640,000",M,25,Serbia,Sassuolo,,,,
Josh Doig,"€12,308","€640,000","€640,000",D,21,Scotland,Hellas Verona,,,,
Valentin Gendrey,"€12,308","€640,000","€640,000",D,23,France,Lecce,,,,
Michele Cerofolini,"€11,346","€590,000","€590,000",K,25,Italy,Frosinone,,,,
Marco Pellegrino,"€10,769","€560,000","€560,000",D,21,Argentina,AC Milan,,,,
Tommaso Baldanzi,"€10,769","€560,000","€560,000",F,20,Italy,Empoli,,,,
Stefan Mitrovic,"€10,769","€560,000","€560,000",F,21,Serbia,Hellas Verona,,,,
Albert Guomundsson,"€29,615","€1,540,000","€1,540,000",F,26,Iceland,Genoa,,,,
Reinier,"€11,538","€600,000","€600,000",F,22,Brazil,Frosinone,,,,
Oliver Christensen,"€12,308","€640,000","€640,000",K,24,Denmark,Fiorentina,,,,
Matheus Henrique,"€10,962","€570,000","€570,000",M,26,Brazil,Sassuolo,,,,
Maduka Okoye,"€12,308","€640,000","€640,000",K,24,Nigeria,Udinese,,,,
Fares Ghedjemis,"€10,769","€560,000","€560,000",F,21,France,Frosinone,,,,
Ylber Ramadani,"€11,154","€580,000","€580,000",M,27,Albania,Lecce,,,,
Samuel Iling-Junior,"€12,308","€640,000","€640,000",F,20,England,Juventus,,,,
Elia Caprile,"€12,308","€640,000","€640,000",K,22,Italy,Empoli,,,,
Oussama El Azzouzi,"€11,154","€580,000","€580,000",M,22,Morocco,Bologna,,,,
M'Baye Niang,"€12,308","€640,000","€640,000",F,29,Senegal,Empoli,,,,
Matias Soule,"€10,769","€560,000","€560,000",F,20,Argentina,Frosinone,,,,
Remi Oudin,"€12,308","€640,000","€640,000",F,27,France,Lecce,,,,
Erik Botheim,"€9,808","€510,000","€510,000",F,23,Norway,Salernitana,,,,
Lorenzo Colombo,"€10,769","€560,000","€560,000",F,21,Italy,Monza,,,,
Tomas Suslov,"€9,808","€510,000","€510,000",F,21,Slovakia,Hellas Verona,,,,
Lazar Samardzic,"€9,808","€510,000","€510,000",M,21,Serbia,Udinese,,,,
Gabriele Zappa,"€10,769","€560,000","€560,000",D,24,Italy,Cagliari,,,,
Carlo Pinsoglio,"€10,769","€560,000","€560,000",K,33,Italy,Juventus,,,,
Lassana Coulibaly,"€9,808","€510,000","€510,000",M,27,Mali,Salernitana,,,,
Giorgio Scalvini,"€10,769","€560,000","€560,000",D,20,Italy,Atalanta,,,,
Alan Matturro,"€9,808","€510,000","€510,000",D,19,Uruguay,Genoa,,,,
Jordan Zemura,"€9,808","€510,000","€510,000",D,24,Zimbabwe,Udinese,,,,
Nicola Zalewski,"€10,769","€560,000","€560,000",M,22,Poland,Roma,,,,
Marco Pellegrino,"€10,769","€560,000","€560,000",D,21,Argentina,Salernitana,,,,
Milan Duric,"€17,308","€900,000","€900,000",F,33,Bosnia-Herzegovina,Monza,,,,
Lorenzo Pirola,"€10,769","€560,000","€560,000",D,21,Italy,Salernitana,,,,
Santiago Pierotti,"€10,769","€560,000","€560,000",F,22,Argentina,Lecce,,,,
Vincenzo Fiorillo,"€9,615","€500,000","€500,000",K,34,Italy,Salernitana,,,,
Daniel Maldini,"€10,769","€560,000","€560,000",F,22,Italy,Monza,,,,
Mirko Maric,"€10,192","€530,000","€530,000",F,28,Croatia,Monza,,,,
Sydney van Hooijdonk,"€9,808","€510,000","€510,000",F,23,Netherlands,Bologna,,,,
Milan Duric,"€17,308","€900,000","€900,000",F,33,Bosnia-Herzegovina,Hellas Verona,,,,
Kenan Yildiz,"€10,769","€560,000","€560,000",F,18,Turkey,Juventus,,,,
Daniel Maldini,"€10,769","€560,000","€560,000",F,21,Italy,Empoli,,,,
Roberto Piccoli,"€10,769","€560,000","€560,000",F,23,Italy,Lecce,,,,
Ibrahim Sulemana,"€10,000","€520,000","€520,000",M,20,Ghana,Cagliari,,,,
Ruan,"€9,423","€490,000","€490,000",D,24,Brazil,Sassuolo,,,,
Nicola Leali,"€8,846","€460,000","€460,000",K,30,Italy,Genoa,,,,
Lorenzo Lucca,"€8,846","€460,000","€460,000",F,23,Italy,Udinese,,,,
Chaka Traore,"€8,846","€460,000","€460,000",F,18,Cote d'Ivoire,AC Milan,,,,
Simone Perilli,"€8,846","€460,000","€460,000",K,29,Italy,Hellas Verona,,,,
Oier Zarraga,"€8,654","€450,000","€450,000",M,25,Spain,Udinese,,,,
Lapo Nava,"€8,846","€460,000","€460,000",K,20,Italy,AC Milan,,,,
Simone Pafundi,"€8,846","€460,000","€460,000",F,17,Italy,Udinese,,,,
Tommaso Martinelli,"€8,846","€460,000","€460,000",K,18,Italy,Fiorentina,,,,
Elayis Tavsan,"€8,846","€460,000","€460,000",F,22,Netherlands,Hellas Verona,,,,
Berkan Kutlu,"€9,615","€500,000","€500,000",M,25,Turkey,Genoa,,,,
Jordi Mboula,"€8,654","€450,000","€450,000",F,24,Spain,Hellas Verona,,,,
Gino Infantino,"€8,654","€450,000","€450,000",M,20,Argentina,Fiorentina,,,,
Lorenzo Montipo,"€9,615","€500,000","€500,000",K,27,Italy,Hellas Verona,,,,
Stefano Sabelli,"€9,615","€500,000","€500,000",D,31,Italy,Genoa,,,,
Lucien Agoume,"€8,654","€450,000","€450,000",M,21,France,Inter Milan,,,,
Filippo Ranocchia,"€8,846","€460,000","€460,000",M,22,Italy,Empoli,,,,
Diego Coppola,"€8,846","€460,000","€460,000",D,20,Italy,Hellas Verona,,,,
Gabriel Strefezza,"€8,846","€460,000","€460,000",F,26,Brazil,Lecce,,,,
Simone Bastoni,"€8,846","€460,000","€460,000",M,27,Italy,Empoli,,,,
Marco Brescianini,"€8,846","€460,000","€460,000",M,24,Italy,Frosinone,,,,
Yayah Kallon,"€8,846","€460,000","€460,000",F,22,Sierra Leone,Hellas Verona,,,,
Warren Bondo,"€7,308","€380,000","€380,000",M,20,France,Monza,,,,
Mateusz Legowski,"€7,308","€380,000","€380,000",M,21,Poland,Salernitana,,,,
Loum Tchaouna,"€7,308","€380,000","€380,000",F,20,France,Salernitana,,,,
Pedro Pereira,"€7,308","€380,000","€380,000",D,26,Portugal,Monza,,,,
Jackson Tchatchoua,"€8,654","€450,000","€450,000",M,22,Cameroon,Hellas Verona,,,,
Nikola Krstovic,"€8,654","€450,000","€450,000",F,23,Montenegro,Lecce,,,,
Hans Nicolussi Caviglia,"€7,115","€370,000","€370,000",M,23,Italy,Juventus,,,,
Sebastian Walukiewicz,"€7,308","€380,000","€380,000",D,23,Poland,Empoli,,,,
Simone Scuffet,"€7,308","€380,000","€380,000",K,27,Italy,Cagliari,,,,
Giorgio Cittadini,"€7,500","€390,000","€390,000",D,21,Italy,Monza,,,,
Kevin Zeroli,"€7,885","€410,000","€410,000",M,19,Italy,AC Milan,,,,
Jovane Cabral,"€8,654","€450,000","€450,000",F,25,Cape Verde,Salernitana,,,,
Giorgio Cittadini,"€7,500","€390,000","€390,000",D,21,Italy,Genoa,,,,
Matteo Prati,"€8,462","€440,000","€440,000",M,20,Italy,Cagliari,,,,
Domingos Quina,"€7,308","€380,000","€380,000",M,23,Portugal,Udinese,,,,
Pawel Dawidowicz,"€7,308","€380,000","€380,000",D,28,Poland,Hellas Verona,,,,
Hamza Rafia,"€7,885","€410,000","€410,000",M,24,Tunisia,Lecce,,,,
Pasquale Mazzocchi,"€5,769","€300,000","€300,000",D,28,Italy,Salernitana,,,,
Agustin Martegani,"€6,731","€350,000","€350,000",F,23,Argentina,Salernitana,,,,
Emanuele Valeri,"€7,115","€370,000","€370,000",D,25,Italy,Frosinone,,,,
Nadir Zortea,"€6,346","€330,000","€330,000",M,24,Italy,Frosinone,,,,
Giulio Donati,"€6,346","€330,000","€330,000",D,33,Italy,Monza,,,,
Anthony Oyono,"€6,731","€350,000","€350,000",D,22,Gabon,Frosinone,,,,
Thomas Kristensen,"€6,154","€320,000","€320,000",D,22,Denmark,Udinese,,,,
Mohamed Kaba,"€6,154","€320,000","€320,000",M,22,France,Lecce,,,,
Ilario Monterisi,"€6,346","€330,000","€330,000",D,22,Italy,Frosinone,,,,
Liberato Cacace,"€6,154","€320,000","€320,000",D,23,New Zealand,Empoli,,,,
Pietro Comuzzo,"€7,115","€370,000","€370,000",D,18,Italy,Fiorentina,,,,
Davide Bettella,"€6,731","€350,000","€350,000",D,23,Italy,Monza,,,,
Samuele Perisan,"€6,346","€330,000","€330,000",K,26,Italy,Empoli,,,,
Alessio Zerbin,"€6,346","€330,000","€330,000",F,24,Italy,Monza,,,,
Karlo Lulic,"€5,962","€310,000","€310,000",M,27,Croatia,Frosinone,,,,
Alessio Zerbin,"€6,346","€330,000","€330,000",F,24,Italy,Napoli,,,,
Nadir Zortea,"€6,346","€330,000","€330,000",D,24,Italy,Atalanta,,,,
Enzo Barrenechea,"€5,000","€260,000","€260,000",M,22,Argentina,Frosinone,,,,
Walid Cheddira,"€5,385","€280,000","€280,000",F,26,Morocco,Frosinone,,,,
Shon Weissman,"€5,385","€280,000","€280,000",F,27,Israel,Salernitana,,,,
Kacper Urbanski,"€5,385","€280,000","€280,000",M,19,Poland,Bologna,,,,
Gaetano Oristanio,"€5,385","€280,000","€280,000",F,21,Italy,Cagliari,,,,
Jens Odgaard,"€5,385","€280,000","€280,000",F,24,Denmark,Bologna,,,,
Daniele Sommariva,"€5,000","€260,000","€260,000",K,26,Italy,Genoa,,,,
Emil Holm,"€5,000","€260,000","€260,000",M,23,Sweden,Atalanta,,,,
Iron Gomis,"€5,385","€280,000","€280,000",F,24,France,Salernitana,,,,
Raffaele Di Gennaro,"€5,385","€280,000","€280,000",K,30,Italy,Inter Milan,,,,
Simone Aresti,"€5,385","€280,000","€280,000",K,37,Italy,Cagliari,,,,
Marvin Cuni,"€5,000","€260,000","€260,000",F,22,Albania,Frosinone,,,,
Alessandro Di Pardo,"€5,385","€280,000","€280,000",D,24,Italy,Cagliari,,,,
Martin Erlic,"€5,385","€280,000","€280,000",D,26,Croatia,Sassuolo,,,,
Ahmed Touba,"€5,385","€280,000","€280,000",D,25,Algeria,Lecce,,,,
Reda Belahyane,"€5,385","€280,000","€280,000",M,19,France,Hellas Verona,,,,
Francesco Rossi,"€3,654","€190,000","€190,000",K,32,Italy,Atalanta,,,,
Festy Ebosele,"€4,423","€230,000","€230,000",M,21,Ireland,Udinese,,,,
Vivaldo Semedo,"€3,654","€190,000","€190,000",F,18,Portugal,Udinese,,,,
Emmanuel Ekong,"€3,654","€190,000","€190,000",F,21,Sweden,Empoli,,,,
Chukwubuikem Ikwuemesi,"€3,654","€190,000","€190,000",F,22,Nigeria,Salernitana,,,,
Grigoris Kastanos,"€3,654","€190,000","€190,000",M,26,Cyprus,Salernitana,,,,
Marco Carnesecchi,"€3,654","€190,000","€190,000",K,23,Italy,Atalanta,,,,
Giuseppe Caso,"€3,846","€200,000","€200,000",F,25,Italy,Frosinone,,,,
Andres Sfait,"€3,654","€190,000","€190,000",F,19,Romania,Salernitana,,,,
Arijon Ibrahimovic,"€3,654","€190,000","€190,000",F,18,Germany,Frosinone,,,,
Medon Berisha,"€4,231","€220,000","€220,000",M,20,Albania,Lecce,,,,
Gianluca Gaetano,"€3,654","€190,000","€190,000",F,23,Italy,Napoli,,,,
Patrick Dorgu,"€4,231","€220,000","€220,000",D,19,Denmark,Lecce,,,,
Alessandro Vogliacco,"€3,654","€190,000","€190,000",D,25,Italy,Genoa,,,,
Marley Ake,"€3,654","€190,000","€190,000",F,22,France,Udinese,,,,
Giorgi Kvernadze,"€3,654","€190,000","€190,000",F,20,Georgia,Frosinone,,,,
Antonio Tikvic,"€3,654","€190,000","€190,000",D,19,Croatia,Udinese,,,,
Marcin Listkowski,"€4,231","€220,000","€220,000",F,25,Poland,Lecce,,,,
Joao Ferreira,"€4,423","€230,000","€230,000",D,22,Portugal,Udinese,,,,
Gianluca Gaetano,"€3,654","€190,000","€190,000",F,23,Italy,Cagliari,,,,
Luca Gemello,"€3,269","€170,000","€170,000",K,23,Italy,Torino,,,,
Riccardo Pagano,"€3,269","€170,000","€170,000",M,19,Italy,Roma,,,,
Giovanni Bonfanti,"€3,269","€170,000","€170,000",D,20,Italy,Atalanta,,,,
Mateus Lusuardi,"€2,885","€150,000","€150,000",D,20,Brazil,Frosinone,,,,
Samuele Vignato,"€3,269","€170,000","€170,000",F,19,Italy,Monza,,,,
Tommaso Corazza,"€3,269","€170,000","€170,000",D,19,Italy,Bologna,,,,
Niccolo Pierozzi,"€3,269","€170,000","€170,000",D,21,Italy,Fiorentina,,,,
Lorenzo Amatucci,"€3,269","€170,000","€170,000",M,19,Italy,Fiorentina,,,,
Luca Lipani,"€3,269","€170,000","€170,000",M,18,Italy,Sassuolo,,,,
Federico Ravaglia,"€3,269","€170,000","€170,000",K,24,Italy,Bologna,,,,
Filippo Missori,"€3,269","€170,000","€170,000",D,19,Italy,Sassuolo,,,,
Niccolo Pierozzi,"€3,269","€170,000","€170,000",D,22,Italy,Salernitana,,,,
Filippo Terracciano,"€3,269","€170,000","€170,000",M,20,Italy,Hellas Verona,,,,
Nicola Bagnolini,"€3,269","€170,000","€170,000",K,19,Italy,Bologna,,,,
Alessandro Sorrentino,"€3,269","€170,000","€170,000",K,21,Italy,Monza,,,,
Trivante Stewart,"€2,308","€120,000","€120,000",F,23,Jamaica,Salernitana,,,,
Andre-Frank Zambo Anguissa,"€66,538","€3,460,000","€3,460,000",M,28,Cameroon,Napoli,,,,
Arthur Melo,"€61,731","€3,210,000","€3,210,000",M,27,Brazil,Fiorentina,,,,
Arthur Melo,"€61,731","€3,210,000","€3,210,000",M,26,Brazil,Juventus,,,,
Charlys,"€2,308","€120,000","€120,000",M,19,Brazil,Hellas Verona,,,,
Elif Elmas,"€53,462","€2,780,000","€2,780,000",M,23,North Macedonia,Napoli,,,,
Alexis Saelemaekers,€0,€0,€0,F,24,Belgium,AC Milan,,,,
Jean-Daniel Akpa-Akpro,"€32,115","€1,670,000","€1,670,000",M,31,Cote d'Ivoire,Monza,,,,
Eldor Shomurodov,€0,€0,€0,F,28,Uzbekistan,Roma,,,,
Jeppe Corfitzen,"€2,308","€120,000","€120,000",F,19,Denmark,Lecce,,,,
Jacopo Fazzini,"€2,885","€150,000","€150,000",M,20,Italy,Empoli,,,,
Djed Spence,€0,€0,€0,D,23,England,Genoa,,,,
Paul Pogba,€808,"€42,000","€42,000",M,30,France,Juventus,,,,
Bruno Amione,"€2,308","€120,000","€120,000",D,21,Argentina,Hellas Verona,,,,
Giorgos Kyriakopoulos,"€9,808","€510,000","€510,000",M,27,Greece,Monza,,,,
Christos Mandas,"€2,500","€130,000","€130,000",K,22,Greece,Lazio,,,,
Axel Guessand,"€2,885","€150,000","€150,000",D,18,France,Udinese,,,,
Pablo Galdames Millan,"€8,654","€450,000","€450,000",M,27,Chile,Genoa,,,,
Matias Soule,€0,€0,€0,F,20,Argentina,Juventus,,,,
Matias Vina,€0,€0,€0,D,25,Uruguay,Roma,,,,
Carlos Alcaraz,€0,€0,€0,M,21,Argentina,Juventus,,,,
Kaio Jorge,€0,€0,€0,F,21,Brazil,Juventus,,,,