player,nation,pos,squad,age,weekly_wages_usd,annual_wages_usd
Dusan Vlahovic,SRB,FW,Juventus,23,"267,835","13,927,395"
Victor Osimhen,NGA,FW,Napoli,24,"264,941","13,776,945"
Wojciech Szczesny,POL,GK,Juventus,33,"248,822","12,938,722"
Alex Sandro,BRA,DF,Juventus,32,"229,602","11,939,303"
Hakan Calhanoglu,TUR,MF,Inter,29,"229,602","11,939,303"
Lautaro Martinez,ARG,FW,Inter,25,"229,602","11,939,303"
Alessandro Bastoni,ITA,DF,Inter,24,"210,589","10,950,629"
Gleison Bremer,BRA,DF,Juventus,26,"191,369","9,951,210"
Federico Chiesa,ITA,FW,Juventus,25,"191,369","9,951,210"
Nicolo Barella,ITA,MF,Inter,26,"191,369","9,951,210"
Romelu Lukaku,BEL,FW,Roma,30,"185,376","9,639,563"
Adrien Rabiot,FRA,MF,Juventus,28,"185,376","9,639,563"
Marcus Thuram,FRA,FW,Inter,25,"158,923","8,264,018"
Ciro Immobile,ITA,FW,Lazio,33,"153,137","7,963,117"
Luis Alberto,ESP,MF,Lazio,30,"153,137","7,963,117"
Paulo Dybala,ARG,"FW,MF",Roma,29,"145,490","7,565,499"
Ismael Bennacer,ALG,MF,Milan,25,"145,490","7,565,499"
Stefan de Vrij,NED,DF,Inter,31,"145,490","7,565,499"
Gianluca Mancini,ITA,DF,Roma,27,"133,917","6,963,698"
Lorenzo Pellegrini,ITA,MF,Roma,27,"133,917","6,963,698"
Piotr Zielinski,POL,MF,Napoli,29,"133,917","6,963,698"
Daniele Rugani,ITA,DF,Juventus,29,"133,917","6,963,698"
Federico Dimarco,ITA,DF,Inter,25,"133,917","6,963,698"
Rafael Leao,POR,FW,Milan,24,"132,471","6,888,473"
Benjamin Pavard,FRA,DF,Inter,27,"132,471","6,888,473"
Manuel Locatelli,ITA,MF,Juventus,25,"126,271","6,566,079"
Gianluca Scamacca,ITA,FW,Atalanta,24,"122,551","6,372,643"
Leandro Paredes,ARG,MF,Roma,29,"119,244","6,200,700"
Tammy Abraham,ENG,FW,Roma,25,"119,244","6,200,700"
Nikola Milenkovic,SRB,DF,Fiorentina,25,"114,904","5,975,025"
Alessio Romagnoli,,DF,Lazio,28,"114,904","5,975,025"
Leonardo Spinazzola,,DF,Roma,30,"114,904","5,975,025"
Giovanni Di Lorenzo,,DF,Napoli,29,"114,904","5,975,025"
Leander Dendoncker,,MF,Napoli,28,"114,904","5,975,025"
Alessandro Florenzi,,DF,Milan,32,"114,904","5,975,025"
Domenico Berardi,,FW,Sassuolo,28,"114,904","5,975,025"
Bryan Cristante,,"MF,DF",Roma,28,"107,258","5,577,406"
Davide Frattesi,,MF,Inter,23,"107,258","5,577,406"
Obite N'Dicka,,DF,Roma,23,"106,018","5,512,927"
Christian Pulisic,,"FW,MF",Milan,24,"106,018","5,512,927"
Ruben Loftus-Cheek,,MF,Milan,27,"106,018","5,512,927"
Samuel Chukwueze,,FW,Milan,24,"106,018","5,512,927"
Theo Hernandez,,DF,Milan,25,"106,018","5,512,927"
Danilo,,DF,Juventus,32,"106,018","5,512,927"
Henrikh Mkhitaryan,,MF,Inter,34,"100,645","5,233,520"
Duvan Zapata,,FW,Torino,32,"95,685","4,975,605"
Federico Fazio,,DF,Salernitana,36,"95,685","4,975,605"
Stephan El Shaarawy,,"FW,DF",Roma,30,"95,685","4,975,605"
Giacomo Raspadori,,"FW,MF",Napoli,23,"95,685","4,975,605"
Alexis Sanchez,,"FW,MF",Inter,34,"95,685","4,975,605"
Juan Cuadrado,,DF,Inter,35,"95,685","4,975,605"
Renato Sanches,,MF,Roma,25,"95,478","4,964,859"
Chris Smalling,,DF,Roma,33,"92,791","4,825,155"
Fikayo Tomori,,DF,Milan,25,"92,791","4,825,155"
Olivier Giroud,,FW,Milan,36,"92,791","4,825,155"
Arkadiusz Milik,,FW,Juventus,29,"92,791","4,825,155"
Andrea Pinamonti,,FW,Sassuolo,24,"91,758","4,771,422"
Rick Karsdorp,,DF,Roma,28,"84,112","4,373,804"
Matteo Politano,,FW,Napoli,29,"84,112","4,373,804"
Mattia Caldara,,DF,Milan,29,"84,112","4,373,804"
Nicolas Gonzalez,,FW,Fiorentina,25,"79,565","4,137,382"
Daichi Kamada,,MF,Lazio,26,"79,565","4,137,382"
Rui Patricio,,GK,Roma,35,"79,565","4,137,382"
Moise Kean,,FW,Juventus,23,"79,565","4,137,382"
Marko Arnautovic,,FW,Inter,34,"79,565","4,137,382"
Riccardo Orsolini,,"FW,MF",Bologna,26,"76,465","3,976,185"
Junior Messias,,"MF,DF",Genoa,32,"76,465","3,976,185"
Elseid Hysaj,,DF,Lazio,29,"76,465","3,976,185"
Mattia Zaccagni,,"FW,MF",Lazio,28,"76,465","3,976,185"
Nicolo Rovella,,MF,Lazio,21,"76,465","3,976,185"
Davide Calabria,,DF,Milan,26,"76,465","3,976,185"
Tiago Djalo,,DF,Juventus,23,"76,465","3,976,185"
Stefano Sensi,,MF,Inter,27,"76,465","3,976,185"
Houssem Aouar,,"MF,FW",Roma,25,"74,192","3,857,974"
Stanislav Lobotka,,MF,Napoli,28,"74,192","3,857,974"
Mike Maignan,,GK,Milan,28,"74,192","3,857,974"
Matias Vecino,,MF,Lazio,31,"72,745","3,782,749"
Leonardo Bonucci,,CB,Juventus,36,"72,332","3,761,256"
Diego Llorente,,DF,Roma,29,"71,505","3,718,271"
Andre-Frank Zambo Anguissa,,MF,Napoli,27,"71,505","3,718,271"
Danilo Cataldi,,MF,Lazio,28,"68,819","3,578,567"
Andrea Petagna,,FW,Cagliari,28,"68,819","3,578,567"
Marash Kumbulla,,CB,Roma,23,"68,819","3,578,567"
Giovanni Simeone,,FW,Napoli,28,"68,819","3,578,567"
Mario Rui,,DF,Napoli,32,"68,819","3,578,567"
Arthur Melo,,MF,Fiorentina,26,"66,339","3,449,609"
Ridgeciano Haps,,DF,Genoa,30,"66,339","3,449,609"
Matteo Guendouzi,,MF,Lazio,24,"66,339","3,449,609"
Charles De Ketelaere,,"FW,MF",Atalanta,22,"66,339","3,449,609"
Amir Rrahmani,,DF,Napoli,29,"66,339","3,449,609"
Diego Demme,,MF,Napoli,31,"66,339","3,449,609"
Luka Jovic,,FW,Milan,25,"66,339","3,449,609"
Filip Kostic,,DF,Juventus,30,"66,339","3,449,609"
Weston McKennie,,"MF,DF",Juventus,24,"66,339","3,449,609"
Denzel Dumfries,,DF,Inter,27,"66,339","3,449,609"
Matteo Darmian,,DF,Inter,33,"66,339","3,449,609"
Yann Sommer,,GK,Inter,34,"66,339","3,449,609"
Armando Izzo,,DF,Monza,31,"65,099","3,385,131"
Cristiano Biraghi,,DF,Fiorentina,30,"65,099","3,385,131"
Manuel Lazzari,,DF,Lazio,29,"65,099","3,385,131"
Vitinha,,CF,Genoa,23,"61,999","3,223,934"
Antonio Sanabria,,"FW,MF",Torino,27,"61,172","3,180,948"
Rolando Mandragora,,MF,Fiorentina,26,"61,172","3,180,948"
Juan Musso,,GK,Atalanta,29,"61,172","3,180,948"
Jesper Lindstrom,,"FW,MF",Napoli,23,"60,965","3,170,202"
Felipe Anderson,,"FW,MF",Lazio,30,"58,279","3,030,498"
Pedro,,"FW,MF",Lazio,36,"58,279","3,030,498"
Mitchel Bakker,,DF,Atalanta,23,"58,279","3,030,498"
Carlos Augusto,,DF,Inter,24,"58,279","3,030,498"
Ricardo Rodriguez,,DF,Torino,30,"57,452","2,987,512"
Roberto Gagliardini,,"MF,DF",Monza,29,"57,452","2,987,512"
Antonin Barak,,"MF,FW",Fiorentina,28,"57,452","2,987,512"
Fabiano Parisi,,DF,Fiorentina,22,"57,452","2,987,512"
Giacomo Bonaventura,,MF,Fiorentina,33,"57,452","2,987,512"
M'Bala Nzola,,FW,Fiorentina,26,"57,452","2,987,512"
Aleksei Miranchuk,,"MF,FW",Atalanta,27,"57,452","2,987,512"
Alex Meret,,GK,Napoli,26,"57,452","2,987,512"
Elif Elmas,,"FW,MF",Napoli,23,"57,452","2,987,512"
Rade Krunic,,MF,Milan,29,"57,452","2,987,512"
Mattia De Sciglio,,DF,Juventus,30,"57,452","2,987,512"
Mattia Perin,,GK,Juventus,30,"57,452","2,987,512"
Nicolo Fagioli,,MF,Juventus,22,"57,452","2,987,512"
Francesco Acerbi,,DF,Inter,35,"57,452","2,987,512"
Tajon Buchanan,,DF,Inter,24,"57,452","2,987,512"
Karol Linetty,,MF,Torino,28,"53,526","2,783,330"
Gaetano Castrovilli,,"FW,MF",Fiorentina,26,"53,526","2,783,330"
Luca Mazzitelli,,MF,Frosinone,27,"53,526","2,783,330"
Federico Gatti,,DF,Juventus,25,"53,526","2,783,330"
Nikola Vlasic,,"MF,FW",Torino,25,"52,906","2,751,090"
Kevin Strootman,,MF,Genoa,33,"52,906","2,751,090"
Ederson,,MF,Atalanta,24,"52,906","2,751,090"
Sead Kolasinac,,DF,Atalanta,30,"52,906","2,751,090"
Boulaye Dia,,"FW,MF",Salernitana,26,"52,906","2,751,090"
Rasmus Kristensen,,DF,Roma,26,"52,906","2,751,090"
Zeki Celik,,DF,Roma,26,"52,906","2,751,090"
Noah Okafor,,"FW,MF",Milan,23,"52,906","2,751,090"
Pierre Kalulu,,DF,Milan,23,"52,906","2,751,090"
Yunus Musah,,"MF,FW",Milan,20,"52,906","2,751,090"
Timothy Weah,,"DF,FW",Juventus,23,"52,906","2,751,090"
Marin Pongracic,,DF,Lecce,25,"51,666","2,686,612"
Karol Swiderski,,"FW,MF",Hellas Verona,26,"49,806","2,589,894"
Alfred Duncan,,MF,Fiorentina,30,"49,806","2,589,894"
Antonio Candreva,,"MF,FW",Salernitana,36,"49,806","2,589,894"
Florian Thauvin,,FW,Udinese,30,"47,739","2,482,429"
Lucas Beltran,,CF,Fiorentina,22,"47,739","2,482,429"
Mateo Retegui,,FW,Genoa,24,"47,739","2,482,429"
Valentin Castellanos,,FW,Lazio,24,"47,739","2,482,429"
Ademola Lookman,,"FW,MF",Atalanta,25,"47,739","2,482,429"
Luis Muriel,,"FW,MF",Atalanta,32,"47,739","2,482,429"
Federico Bonazzoli,,"FW,MF",Hellas Verona,26,"45,879","2,385,711"
Raoul Bellanova,,DF,Torino,23,"45,879","2,385,711"
Christian Kouame,,FW,Fiorentina,25,"45,879","2,385,711"
Patric,,DF,Lazio,30,"45,879","2,385,711"
Aleksandr Kokorin,,"FW,MF",Fiorentina,32,"45,052","2,342,725"
Jonathan Ikone,,FW,Fiorentina,25,"45,052","2,342,725"
Sardar Azmoun,,"FW,MF",Roma,28,"45,052","2,342,725"
Tijjani Reijnders,,MF,Milan,25,"45,052","2,342,725"
Suat Serdar,,MF,Hellas Verona,26,"42,366","2,203,022"
Pablo Mari,,DF,Monza,29,"42,366","2,203,022"
Josip Brekalo,,FW,Fiorentina,25,"42,366","2,203,022"
Nahitan Nandez,,"MF,DF",Cagliari,27,"42,366","2,203,022"
Gianluca Lapadula,,FW,Cagliari,33,"42,159","2,192,275"
Angelino,,DF,Roma,26,"41,332","2,149,289"
Gerard Deulofeu,,CF,Udinese,29,"39,679","2,063,318"
Valentino Lazaro,,"DF,MF",Torino,27,"39,679","2,063,318"
Papu Gomez,,"MF,FW",Monza,35,"39,679","2,063,318"
Dodo,,DF,Fiorentina,24,"39,679","2,063,318"
Yerry Mina,,"DF,MF",Fiorentina,28,"39,679","2,063,318"
Gustav Isaksen,,RW,Lazio,22,"39,679","2,063,318"
El Bilal Toure,,FW,Atalanta,21,"39,679","2,063,318"
Teun Koopmeiners,,MF,Atalanta,25,"39,679","2,063,318"
Eldor Shomurodov,,"FW,MF",Cagliari,28,"39,679","2,063,318"
Junior Sambia,,"DF,MF",Salernitana,26,"39,679","2,063,318"
Mathias Olivera,,DF,Napoli,25,"39,679","2,063,318"
Simon Kjar,,DF,Milan,34,"39,679","2,063,318"
Davy Klaassen,,MF,Inter,30,"39,679","2,063,318"
Marco Silvestri,,GK,Udinese,32,"38,233","1,988,093"
Riccardo Saponara,,"FW,MF",Hellas Verona,31,"38,233","1,988,093"
Samuele Ricci,,MF,Torino,21,"38,233","1,988,093"
Yann Karamoh,,"MF,FW",Torino,25,"38,233","1,988,093"
Kevin Bonifazi,,DF,Bologna,27,"38,233","1,988,093"
Remo Freuler,,MF,Bologna,31,"38,233","1,988,093"
Danilo D'Ambrosio,,DF,Monza,34,"38,233","1,988,093"
Andrea Belotti,,FW,Fiorentina,29,"38,233","1,988,093"
Michael Kayode,,RB,Fiorentina,19,"38,233","1,988,093"
Ivan Provedel,,GK,Lazio,29,"38,233","1,988,093"
Nicolo Casale,,DF,Lazio,25,"38,233","1,988,093"
Mario Pasalic,,MF,Atalanta,28,"38,233","1,988,093"
Marten de Roon,,"MF,DF",Atalanta,32,"38,233","1,988,093"
Rafael Toloi,,DF,Atalanta,32,"38,233","1,988,093"
Sebastiano Luperto,,DF,Empoli,26,"38,233","1,988,093"
Jakub Jankto,,"MF,FW",Cagliari,27,"38,233","1,988,093"
Giulio Maggiore,,MF,Salernitana,25,"38,233","1,988,093"
Simeon Nwankwo,,FW,Salernitana,31,"38,233","1,988,093"
Edoardo Bove,,MF,Roma,21,"38,233","1,988,093"
Hamed Junior Traore,,MF,Napoli,23,"38,233","1,988,093"
Juan Jesus,,DF,Napoli,32,"38,233","1,988,093"
Tommaso Pobega,,MF,Milan,24,"38,233","1,988,093"
Andrea Cambiaso,,"DF,FW",Juventus,23,"38,233","1,988,093"
Fabio Miretti,,MF,Juventus,19,"38,233","1,988,093"
Alessio Cragno,,GK,Sassuolo,29,"38,233","1,988,093"
Andrea Consigli,,GK,Sassuolo,36,"38,233","1,988,093"
Perr Schuurs,,DF,Torino,23,"36,993","1,923,614"
Milan Badelj,,MF,Genoa,34,"36,993","1,923,614"
Toma Basic,,MF,Lazio,26,"36,993","1,923,614"
Gaston Pereiro,,"FW,MF",Cagliari,28,"36,993","1,923,614"
Christian Kabasele,,DF,Udinese,32,"34,513","1,794,657"
Lorenzo De Silvestri,,DF,Bologna,35,"34,513","1,794,657"
Lukasz Skorupski,,GK,Bologna,32,"34,513","1,794,657"
Gianluca Caprari,,"MF,FW",Monza,30,"34,513","1,794,657"
Luca Ranieri,,DF,Fiorentina,24,"34,513","1,794,657"
Adam Marusic,,DF,Lazio,30,"34,513","1,794,657"
Davide Zappacosta,,DF,Atalanta,31,"34,513","1,794,657"
Gregoire Defrel,,"FW,MF",Sassuolo,32,"32,446","1,687,192"
Ivan Ilic,,MF,Torino,22,"31,826","1,654,953"
Albert Guomundsson,,"FW,MF",Genoa,26,"31,826","1,654,953"
Kaio Jorge,,FW,Frosinone,21,"31,826","1,654,953"
Jens Cajuste,,MF,Napoli,23,"31,826","1,654,953"
Khvicha Kvaratskhelia,,FW,Napoli,22,"31,826","1,654,953"
Leo Skiri Ostigard,,DF,Napoli,23,"31,826","1,654,953"
Nedim Bajrami,,"MF,FW",Sassuolo,24,"31,826","1,654,953"
Samu Castillejo,,"FW,MF",Sassuolo,28,"31,826","1,654,953"
Victor Kristiansen,,LB,Bologna,21,"30,999","1,611,967"
Marco Mancosu,,"MF,FW",Cagliari,34,"30,999","1,611,967"
Ruben Vinagre,,"DF,FW",Hellas Verona,24,"30,586","1,590,474"
Alessandro Buongiorno,,DF,Torino,24,"30,586","1,590,474"
Musa Barrow,,LW,Bologna,24,"30,586","1,590,474"
Matteo Pessina,,MF,Monza,26,"30,586","1,590,474"
Patrick Ciurria,,"DF,MF",Monza,28,"30,586","1,590,474"
Pietro Terracciano,,GK,Fiorentina,33,"30,586","1,590,474"
Berat Djimsiti,,DF,Atalanta,30,"30,586","1,590,474"
Hans Hateboer,,DF,Atalanta,29,"30,586","1,590,474"
Jose Luis Palomino,,DF,Atalanta,33,"30,586","1,590,474"
Matteo Cancellieri,,"FW,MF",Empoli,21,"30,586","1,590,474"
Guillermo Ochoa,,GK,Salernitana,38,"30,586","1,590,474"
Pierluigi Gollini,,GK,Napoli,28,"30,586","1,590,474"
Matteo Gabbia,,DF,Milan,23,"30,586","1,590,474"
Emil Audero,,GK,Inter,26,"30,586","1,590,474"
Natan,,DF,Napoli,22,"29,139","1,515,249"
Lautaro Gianetti,,DF,Udinese,29,"28,726","1,493,756"
Adama Soumaoro,,DF,Bologna,31,"28,726","1,493,756"
Francesco Caputo,,FW,Empoli,35,"28,726","1,493,756"
Lorenzo Tonelli,,CB,Empoli,34,"28,726","1,493,756"
Nicolas Viola,,"MF,FW",Cagliari,33,"28,726","1,493,756"
Vanja Milinkovic-Savic,,GK,Torino,26,"26,866","1,397,038"
Michele Di Gregorio,,GK,Monza,26,"26,866","1,397,038"
Mattia Bani,,DF,Genoa,29,"26,866","1,397,038"
Mehdi Bourabia,,MF,Frosinone,31,"26,866","1,397,038"
Riccardo Marchizza,,DF,Frosinone,25,"26,866","1,397,038"
Alberto Grassi,,MF,Empoli,28,"26,866","1,397,038"
Ardian Ismajli,,DF,Empoli,26,"26,866","1,397,038"
Leonardo Pavoletti,,FW,Cagliari,34,"26,866","1,397,038"
Marko Rog,,CM,Cagliari,28,"26,866","1,397,038"
Norbert Gyomber,,DF,Salernitana,31,"26,866","1,397,038"
Antonio Mirante,,GK,Milan,40,"26,866","1,397,038"
Cristian Volpato,,"MF,FW",Sassuolo,19,"26,866","1,397,038"
Adrien Tameze,,"DF,MF",Torino,29,"26,453","1,375,545"
Pietro Pellegri,,FW,Torino,22,"26,453","1,375,545"
Alexis Saelemaekers,,"FW,MF",Bologna,24,"26,453","1,375,545"
Lucas Martinez Quarta,,DF,Fiorentina,27,"26,453","1,375,545"
Aaron Martin,,DF,Genoa,26,"26,453","1,375,545"
Caleb Ekuban,,FW,Genoa,29,"26,453","1,375,545"
Ruslan Malinovskyi,,MF,Genoa,30,"26,453","1,375,545"
Razvan Marin,,MF,Empoli,27,"26,453","1,375,545"
Domagoj Bradaric,,DF,Salernitana,23,"26,453","1,375,545"
Mile Svilar,,GK,Roma,23,"26,453","1,375,545"
Agustin Alvarez Martinez,,FW,Sassuolo,22,"26,453","1,375,545"
Luca Caldirola,,DF,Monza,32,"26,039","1,354,052"
Nikola Moro,,MF,Bologna,25,"25,626","1,332,559"
Luca Pellegrini,,DF,Lazio,24,"24,800","1,289,574"
Adam Masina,,DF,Udinese,29,"23,766","1,235,841"
Hassane Kamara,,DF,Udinese,29,"23,766","1,235,841"
Koffi Djidji,,DF,Torino,30,"23,766","1,235,841"
Joshua Zirkzee,,FW,Bologna,22,"23,766","1,235,841"
George Puscas,,FW,Genoa,27,"23,766","1,235,841"
Dylan Bronn,,"DF,MF",Salernitana,28,"23,766","1,235,841"
Armand Lauriente,,FW,Sassuolo,24,"23,766","1,235,841"
Darko Lazovic,,"FW,MF",Hellas Verona,32,"22,940","1,192,856"
Giangiacomo Magnani,,DF,Hellas Verona,27,"22,940","1,192,856"
Koray Gunter,,CB,Hellas Verona,29,"22,940","1,192,856"
Dany Mota,,"FW,MF",Monza,25,"22,940","1,192,856"
Riccardo Sottil,,FW,Fiorentina,24,"22,940","1,192,856"
Filip Jagiello,,MF,Genoa,25,"22,940","1,192,856"
Emmanuel Gyasi,,"DF,FW",Empoli,29,"22,940","1,192,856"
Youssef Maleh,,MF,Empoli,24,"22,940","1,192,856"
Edoardo Goldaniga,,DF,Cagliari,29,"22,940","1,192,856"
Zito Luvumbo,,CF,Cagliari,21,"22,940","1,192,856"
Daniel Boloca,,MF,Sassuolo,24,"22,940","1,192,856"
Gian Marco Ferrari,,DF,Sassuolo,31,"22,940","1,192,856"
Wladimiro Falcone,,GK,Lecce,28,"22,940","1,192,856"
Ondrej Duda,,MF,Hellas Verona,28,"22,733","1,182,109"
Isaac Success,,"FW,MF",Udinese,27,"22,526","1,171,363"
Pedro Obiang,,MF,Sassuolo,31,"22,526","1,171,363"
Morten Thorsby,,MF,Genoa,27,"21,493","1,117,630"
Caleb Okoli,,DF,Frosinone,22,"21,493","1,117,630"
Enzo Ebosse,,DF,Udinese,24,"21,286","1,106,884"
Jaka Bijol,,DF,Udinese,24,"21,286","1,106,884"
Roberto Pereyra,,"FW,MF",Udinese,32,"21,286","1,106,884"
Walace,,MF,Udinese,28,"21,286","1,106,884"
Thomas Henry,,FW,Hellas Verona,28,"21,286","1,106,884"
Nemanja Radonjic,,"MF,FW",Torino,27,"21,286","1,106,884"
Dan Ndoye,,"FW,MF",Bologna,22,"21,286","1,106,884"
Jesper Karlsson,,FW,Bologna,25,"21,286","1,106,884"
Silvan Hefti,,"MF,DF",Genoa,25,"21,286","1,106,884"
Luka Romero,,"FW,MF",Milan,18,"21,286","1,106,884"
Malick Thiaw,,DF,Milan,21,"21,286","1,106,884"
Yacine Adli,,MF,Milan,23,"21,286","1,106,884"
Kristjan Asllani,,MF,Inter,21,"21,286","1,106,884"
Yann Aurel Bisseck,,DF,Inter,22,"21,286","1,106,884"
Alberto Cerri,,FW,Empoli,27,"21,080","1,096,138"
Stefan Posch,,DF,Bologna,26,"20,666","1,074,645"
Emil Bohinen,,MF,Genoa,24,"20,666","1,074,645"
Pol Lirola,,DF,Frosinone,25,"20,666","1,074,645"
Nicola Sansone,,"FW,MF",Lecce,31,"20,666","1,074,645"
Brenner,,"MF,FW",Udinese,23,"19,840","1,031,659"
Fabien Centonze,,DF,Hellas Verona,27,"19,840","1,031,659"
Jhon Lucumi,,DF,Bologna,25,"19,840","1,031,659"
Pantelis Hatzidiakos,,DF,Cagliari,26,"19,840","1,031,659"
Antonino Gallo,,DF,Lecce,23,"19,840","1,031,659"
Antoine Makoumbou,,CM,Cagliari,25,"19,426","1,010,166"
Davide Faraoni,,DF,Hellas Verona,31,"19,220","999,420"
Matteo Lovato,,DF,Torino,23,"19,220","999,420"
Charalambos Lykogiannis,,DF,Bologna,29,"19,220","999,420"
Santiago Castro,,CF,Bologna,19,"19,220","999,420"
Andrea Carboni,,DF,Monza,22,"19,220","999,420"
Andrea Colpani,,"MF,FW",Monza,24,"19,220","999,420"
Jean-Daniel Akpa-Akpro,,MF,Monza,30,"19,220","999,420"
Radu Dragusin,,DF,Genoa,21,"19,220","999,420"
Simone Romagnoli,,DF,Frosinone,33,"19,220","999,420"
Anderson Lima,,MF,Lazio,23,"19,220","999,420"
Luigi Sepe,,GK,Lazio,32,"19,220","999,420"
Mattia Destro,,"FW,MF",Empoli,32,"19,220","999,420"
Nicolo Cambiaghi,,"FW,MF",Empoli,22,"19,220","999,420"
Paulo Azzi,,"DF,MF",Cagliari,29,"19,220","999,420"
Tommaso Augello,,DF,Cagliari,28,"19,220","999,420"
Kostas Manolas,,DF,Salernitana,32,"19,220","999,420"
Marco Sportiello,,GK,Milan,31,"19,220","999,420"
Gianluca Pegolo,,GK,Sassuolo,42,"19,220","999,420"
Keinan Davis,,"FW,MF",Udinese,25,"18,600","967,180"
Kingsley Ehizibue,,DF,Udinese,28,"18,600","967,180"
Martin Payero,,MF,Udinese,24,"18,600","967,180"
Sandi Lovric,,MF,Udinese,25,"18,600","967,180"
Milan Duric,,FW,Hellas Verona,33,"18,600","967,180"
Mergim Vojvoda,,DF,Torino,28,"18,600","967,180"
Sam Beukema,,DF,Bologna,24,"18,600","967,180"
Dimitrije Kamenovic,,DF,Lazio,23,"18,600","967,180"
Szymon Zurkowski,,MF,Empoli,25,"18,600","967,180"
Jeremy Toljan,,DF,Sassuolo,28,"18,600","967,180"
Boris Radunovic,,GK,Cagliari,27,"17,980","934,941"
Stefano Turati,,GK,Frosinone,21,"17,566","913,448"
Nehuen Perez,,DF,Udinese,23,"17,153","891,955"
Martin Hongla,,MF,Hellas Verona,25,"17,153","891,955"
Samuele Birindelli,,DF,Monza,24,"17,153","891,955"
Bartosz Bereszynski,,DF,Empoli,31,"17,153","891,955"
Giuseppe Pezzella,,DF,Empoli,25,"17,153","891,955"
Benoit Costil,,GK,Salernitana,36,"17,153","891,955"
Samuele Mulattieri,,"FW,MF",Sassuolo,22,"17,153","891,955"
Cyril Ngonge,,"FW,MF",Hellas Verona,23,"15,913","827,476"
Isak Hien,,CB,Hellas Verona,24,"15,913","827,476"
Brandon Soppy,,DF,Torino,21,"15,913","827,476"
David Okereke,,"FW,MF",Torino,25,"15,913","827,476"
Lewis Ferguson,,MF,Bologna,23,"15,913","827,476"
Maxime Lopez,,MF,Fiorentina,25,"15,913","827,476"
Abdou Harroui,,"MF,FW",Frosinone,25,"15,913","827,476"
Viktor Kovalenko,,MF,Empoli,27,"15,913","827,476"
Kristian Thorstvedt,,MF,Sassuolo,24,"15,913","827,476"
Pontus Almqvist,,"FW,MF",Lecce,24,"15,913","827,476"
Jaime Baez,,"FW,MF",Frosinone,28,"15,706","816,730"
Michael Folorunsho,,"MF,FW",Hellas Verona,25,"15,293","795,237"
Tijjani Noslin,,"FW,MF",Hellas Verona,24,"15,293","795,237"
Demba Seck,,MF,Torino,22,"15,293","795,237"
Giovanni Fabbian,,CM,Bologna,21,"15,293","795,237"
Riccardo Calafiori,,DF,Bologna,21,"15,293","795,237"
Koni De Winter,,CB,Genoa,21,"15,293","795,237"
Cristiano Lombardi,,RW,Lazio,28,"15,293","795,237"
Etrit Berisha,,GK,Empoli,34,"15,293","795,237"
Adam Obert,,DF,Cagliari,20,"15,293","795,237"
Alberto Dossena,,DF,Cagliari,24,"15,293","795,237"
Alessandro Deiola,,MF,Cagliari,27,"15,293","795,237"
Alessandro Zanoli,,DF,Salernitana,22,"15,293","795,237"
Emanuel Vignato,,"MF,FW",Salernitana,22,"15,293","795,237"
Jerome Boateng,,DF,Salernitana,34,"15,293","795,237"
Dean Huijsen,,CB,Roma,18,"15,293","795,237"
Lorenzo Venuti,,DF,Lecce,28,"15,293","795,237"
Francesco Gelli,,AM,Frosinone,27,"14,880","773,744"
Soufiane Bidaoui,,"FW,MF",Frosinone,33,"14,673","762,998"
Luca Garritano,,"MF,DF",Frosinone,29,"13,846","720,012"
Daniel Bandeira,,MF,Hellas Verona,23,"13,433","698,519"
Mihajlo Ilic,,CB,Bologna,20,"13,433","698,519"
David Ankeye,,CF,Genoa,21,"13,433","698,519"
Michel Ndary Adopo,,MF,Atalanta,23,"13,433","698,519"
Maduka Okoye,,GK,Udinese,23,"13,226","687,773"
Josh Doig,,DF,Hellas Verona,21,"13,226","687,773"
David Zima,,DF,Torino,22,"13,226","687,773"
Saba Sazonov,,DF,Torino,21,"13,226","687,773"
Michel Aebischer,,MF,Bologna,26,"13,226","687,773"
Oliver Christensen,,GK,Fiorentina,24,"13,226","687,773"
Josep Martinez,,GK,Genoa,25,"13,226","687,773"
Mario Gila,,CB,Lazio,23,"13,226","687,773"
Elia Caprile,,GK,Empoli,21,"13,226","687,773"
M'Baye Niang,,FW,Empoli,28,"13,226","687,773"
Tyronne Ebuehi,,DF,Empoli,27,"13,226","687,773"
Mateusz Wieteska,,CB,Cagliari,26,"13,226","687,773"
Flavius Daniliuc,,DF,Salernitana,22,"13,226","687,773"
Samuel Iling-Junior,,"DF,MF",Juventus,19,"13,226","687,773"
Uros Racic,,MF,Sassuolo,25,"13,226","687,773"
Alexis Blin,,MF,Lecce,26,"13,226","687,773"
Joan Gonzalez,,MF,Lecce,21,"13,226","687,773"
Lameck Banda,,LW,Lecce,22,"13,226","687,773"
Remi Oudin,,"MF,FW",Lecce,26,"13,226","687,773"
Reinier,,"MF,FW",Frosinone,21,"12,400","644,787"
Michele Cerofolini,,GK,Frosinone,24,"12,193","634,040"
Mattia Viti,,DF,Sassuolo,21,"12,193","634,040"
Oussama El Azzouzi,,MF,Bologna,22,"11,986","623,294"
Johan Vasquez,,DF,Genoa,24,"11,986","623,294"
Ylber Ramadani,,MF,Lecce,27,"11,986","623,294"
Elio Capradossi,,DF,Cagliari,27,"11,780","612,547"
Matheus Henrique,,MF,Sassuolo,25,"11,780","612,547"
Stefan Mitrovic,,LW,Hellas Verona,21,"11,573","601,801"
Daniel Maldini,,"MF,FW",Monza,21,"11,573","601,801"
Lorenzo Colombo,,FW,Monza,21,"11,573","601,801"
Fares Ghedjemis,,RW,Frosinone,21,"11,573","601,801"
Matias Soule,,RW,Frosinone,20,"11,573","601,801"
Giorgio Scalvini,,DF,Atalanta,19,"11,573","601,801"
Tommaso Baldanzi,,"MF,FW",Empoli,20,"11,573","601,801"
Gabriele Zappa,,DF,Cagliari,23,"11,573","601,801"
Lorenzo Pirola,,DF,Salernitana,21,"11,573","601,801"
Marco Pellegrino,,CB,Salernitana,21,"11,573","601,801"
Nicola Zalewski,,"DF,FW",Roma,21,"11,573","601,801"
Nikita Contini Baranovsky,,GK,Napoli,27,"11,573","601,801"
Carlo Pinsoglio,,GK,Juventus,33,"11,573","601,801"
Kenan Yildiz,,SS,Juventus,18,"11,573","601,801"
Federico Baschirotto,,DF,Lecce,26,"11,573","601,801"
Kastriot Dermaku,,DF,Lecce,31,"11,573","601,801"
Roberto Piccoli,,FW,Lecce,22,"11,573","601,801"
Santiago Pierotti,,"MF,FW",Lecce,22,"11,573","601,801"
Mirko Maric,,FW,Monza,28,"10,953","569,562"
Ibrahim Sulemana,,DM,Cagliari,20,"10,746","558,815"
Jordan Zemura,,DF,Udinese,23,"10,540","548,069"
Lazar Samardzic,,MF,Udinese,21,"10,540","548,069"
Tomas Suslov,,"MF,FW",Hellas Verona,21,"10,540","548,069"
Sydney van Hooijdonk,,FW,Bologna,23,"10,540","548,069"
Giorgos Kyriakopoulos,,DF,Monza,27,"10,540","548,069"
Alan Matturro,,CB,Genoa,19,"10,540","548,069"
Morten Frendrup,,MF,Genoa,22,"10,540","548,069"
Erik Botheim,,"FW,MF",Salernitana,23,"10,540","548,069"
Lassana Coulibaly,,MF,Salernitana,27,"10,540","548,069"
Mikael,,CF,Salernitana,24,"10,540","548,069"
Lorenzo Montipo,,GK,Hellas Verona,27,"10,333","537,322"
Berkan Kutlu,,MF,Genoa,25,"10,333","537,322"
Stefano Sabelli,,DF,Genoa,30,"10,333","537,322"
Vincenzo Fiorillo,,GK,Salernitana,33,"10,333","537,322"
Ruan,,DF,Sassuolo,24,"10,126","526,576"
Lorenzo Lucca,,FW,Udinese,22,"9,506","494,337"
Simone Pafundi,,AM,Udinese,17,"9,506","494,337"
Alessandro Berardi,,GK,Hellas Verona,32,"9,506","494,337"
Diego Coppola,,DF,Hellas Verona,19,"9,506","494,337"
Elayis Tavsan,,"MF,FW",Hellas Verona,22,"9,506","494,337"
Simone Perilli,,GK,Hellas Verona,28,"9,506","494,337"
Yayah Kallon,,FW,Hellas Verona,22,"9,506","494,337"
Gvidas Gineitis,,CM,Torino,19,"9,506","494,337"
Stefano Gori,,GK,Monza,27,"9,506","494,337"
Tommaso Martinelli,,GK,Fiorentina,18,"9,506","494,337"
Nicola Leali,,GK,Genoa,30,"9,506","494,337"
Marco Brescianini,,MF,Frosinone,23,"9,506","494,337"
Filippo Ranocchia,,"MF,DF",Empoli,22,"9,506","494,337"
Simone Bastoni,,"MF,DF",Empoli,26,"9,506","494,337"
Chaka Traore,,LW,Milan,18,"9,506","494,337"
Gabriel Strefezza,,FW,Lecce,26,"9,506","494,337"
Oier Zarraga,,MF,Udinese,24,"9,300","483,590"
Jackson Tchatchoua,,RW,Hellas Verona,22,"9,300","483,590"
Jordi Mboula,,"FW,MF",Hellas Verona,24,"9,300","483,590"
Juan David Cabal,,DF,Hellas Verona,22,"9,300","483,590"
Gino Infantino,,MF,Fiorentina,20,"9,300","483,590"
Pablo Galdames Millan,,"MF,DF",Genoa,26,"9,300","483,590"
Jovane Cabral,,"MF,FW",Salernitana,25,"9,300","483,590"
Nikola Krstovic,,CF,Lecce,23,"9,300","483,590"
Lucien Agoume,,MF,Inter,21,"9,300","483,590"
Matteo Prati,,DM,Cagliari,19,"9,093","472,844"
Mihai Popa,,GK,Torino,23,"8,473","440,604"
Triantafyllos Pasalidis,,CB,Salernitana,27,"8,473","440,604"
Kevin Zeroli,,CM,Milan,19,"8,473","440,604"
Hamza Rafia,,MF,Lecce,24,"8,473","440,604"
Giorgio Cittadini,,CB,Monza,21,"8,060","419,111"
Domingos Quina,,MF,Udinese,23,"7,853","408,365"
Ajdin Hrustic,,AM,Hellas Verona,27,"7,853","408,365"
Kevin Ruegg,,RB,Hellas Verona,25,"7,853","408,365"
Pawel Dawidowicz,,DF,Hellas Verona,28,"7,853","408,365"
Joaquin Sosa,,CB,Bologna,21,"7,853","408,365"
Pedro Pereira,,DF,Monza,25,"7,853","408,365"
Christos Mandas,,GK,Lazio,22,"7,853","408,365"
Sebastian Walukiewicz,,DF,Empoli,23,"7,853","408,365"
Simone Scuffet,,GK,Cagliari,27,"7,853","408,365"
Loum Tchaouna,,"FW,MF",Salernitana,19,"7,853","408,365"
Mateusz Legowski,,DM,Salernitana,21,"7,853","408,365"
Daniele Padelli,,GK,Udinese,37,"7,647","397,619"
Juan Cruz,,"FW,MF",Hellas Verona,24,"7,647","397,619"
Pepin,,"MF,FW",Monza,26,"7,647","397,619"
Pietro Comuzzo,,CB,Fiorentina,18,"7,647","397,619"
Emanuele Valeri,,DF,Frosinone,24,"7,647","397,619"
Sergio Kalaj,,CB,Frosinone,23,"7,647","397,619"
Pietro Boer,,GK,Roma,21,"7,647","397,619"
Hans Nicolussi Caviglia,,MF,Juventus,23,"7,647","397,619"
Davide Bettella,,MF,Monza,23,"7,233","376,126"
Anthony Oyono,,DF,Frosinone,22,"7,233","376,126"
Agustin Martegani,,MF,Salernitana,23,"7,233","376,126"
Alessio Zerbin,,"DF,FW",Monza,24,"6,820","354,633"
Giulio Donati,,DF,Monza,33,"6,820","354,633"
Valentin Carboni,,AM,Monza,18,"6,820","354,633"
Ilario Monterisi,,DF,Frosinone,21,"6,820","354,633"
Nadir Zortea,,DF,Frosinone,24,"6,820","354,633"
Samuele Perisan,,GK,Empoli,25,"6,820","354,633"
Thomas Kristensen,,CB,Udinese,21,"6,613","343,886"
Jayden Braaf,,CF,Hellas Verona,21,"6,613","343,886"
Liberato Cacace,,DF,Empoli,22,"6,613","343,886"
Diego Valencia,,CF,Salernitana,23,"6,613","343,886"
Mohamed Kaba,,MF,Lecce,21,"6,613","343,886"
Karlo Lulic,,MF,Frosinone,27,"6,407","333,140"
Marcus Pedersen,,DF,Sassuolo,23,"6,407","333,140"
Matija Popovic,,AM,Monza,18,"6,200","322,393"
Franz Stolz,,GK,Genoa,22,"6,200","322,393"
Pasquale Mazzocchi,,DF,Salernitana,28,"6,200","322,393"
Giacomo Faticanti,,DM,Lecce,19,"6,200","322,393"
David Pejicic,,AM,Udinese,16,"5,787","300,901"
Etienne Camara,,DM,Udinese,20,"5,787","300,901"
Mattia Chiesa,,GK,Hellas Verona,23,"5,787","300,901"
Reda Belahyane,,DM,Hellas Verona,19,"5,787","300,901"
Uros Kabic,,RW,Torino,20,"5,787","300,901"
Jens Odgaard,,"FW,MF",Bologna,24,"5,787","300,901"
Kacper Urbanski,,"MF,FW",Bologna,18,"5,787","300,901"
Armando Anastasio,,LB,Monza,27,"5,787","300,901"
Eugenio Lamanna,,GK,Monza,33,"5,787","300,901"
Tommaso Vannucchi,,GK,Fiorentina,16,"5,787","300,901"
Pierluigi Frattali,,GK,Frosinone,37,"5,787","300,901"
Walid Cheddira,,FW,Frosinone,25,"5,787","300,901"
Alessandro Di Pardo,,"DF,MF",Cagliari,24,"5,787","300,901"
Gaetano Oristanio,,"FW,MF",Cagliari,20,"5,787","300,901"
Simone Aresti,,GK,Cagliari,37,"5,787","300,901"
Iron Gomis,,MF,Salernitana,23,"5,787","300,901"
Shon Weissman,,"FW,DF",Salernitana,27,"5,787","300,901"
Martin Erlic,,DF,Sassuolo,25,"5,787","300,901"
Ahmed Touba,,DF,Lecce,25,"5,787","300,901"
Raffaele Di Gennaro,,GK,Inter,29,"5,787","300,901"
Daniele Sommariva,,GK,Genoa,26,"5,373","279,408"
Enzo Barrenechea,,DM,Frosinone,22,"5,373","279,408"
Marvin Cuni,,FW,Frosinone,22,"5,373","279,408"
Sana Fernandes,,LW,Lazio,18,"5,373","279,408"
Emil Holm,,DF,Atalanta,23,"5,373","279,408"
Franco Carboni,,MF,Monza,20,"4,960","257,915"
Festy Ebosele,,DF,Udinese,20,"4,753","247,168"
Joao Ferreira,,DF,Udinese,22,"4,753","247,168"
Marcin Listkowski,,FW,Lecce,25,"4,547","236,422"
Giuseppe Caso,,"FW,MF",Frosinone,24,"4,133","214,929"
Antonio Tikvic,,CB,Udinese,19,"3,927","204,182"
Marley Ake,,FW,Udinese,22,"3,927","204,182"
Vivaldo Semedo,,CF,Udinese,18,"3,927","204,182"
Warren Bondo,,MF,Monza,19,"3,927","204,182"
Alessandro Vogliacco,,DF,Genoa,24,"3,927","204,182"
Arijon Ibrahimovic,,LW,Frosinone,18,"3,927","204,182"
Giorgi Kvernadze,,LW,Frosinone,20,"3,927","204,182"
Isak Vural,,AM,Frosinone,17,"3,927","204,182"
Francesco Rossi,,GK,Atalanta,32,"3,927","204,182"
Marco Carnesecchi,,GK,Atalanta,23,"3,927","204,182"
Emmanuel Ekong,,FW,Empoli,21,"3,927","204,182"
Luca Belardinelli,,CM,Empoli,22,"3,927","204,182"
Stiven Shpendi,,CF,Empoli,20,"3,927","204,182"
Gianluca Gaetano,,"FW,MF",Cagliari,23,"3,927","204,182"
Andres Sfait,,LW,Salernitana,19,"3,927","204,182"
Chukwubuikem Ikwuemesi,,CF,Salernitana,22,"3,927","204,182"
Grigoris Kastanos,,"MF,DF",Salernitana,25,"3,927","204,182"
Daniel Samek,,DM,Lecce,19,"3,976","206,761"
Marco Ballarini,,CM,Udinese,22,"3,513","182,690"
Filippo Terracciano,,RM,Hellas Verona,20,"3,513","182,690"
Joselito,,DM,Hellas Verona,19,"3,513","182,690"
Luca Gemello,,GK,Torino,23,"3,513","182,690"
Pietro Passador,,GK,Torino,20,"3,513","182,690"
Federico Ravaglia,,GK,Bologna,23,"3,513","182,690"
Nicola Bagnolini,,GK,Bologna,19,"3,513","182,690"
Tommaso Corazza,,LB,Bologna,19,"3,513","182,690"
Alessandro Sorrentino,,GK,Monza,21,"3,513","182,690"
Samuele Vignato,,"MF,FW",Monza,19,"3,513","182,690"
Christian Dalle Mura,,DF,Fiorentina,21,"3,513","182,690"
Lorenzo Amatucci,,DM,Fiorentina,19,"3,513","182,690"
Niccolo Pierozzi,,RB,Fiorentina,21,"3,513","182,690"
Matjaz Kamensek-Pahic,,CB,Frosinone,19,"3,513","182,690"
Giovanni Bonfanti,,CB,Atalanta,20,"3,513","182,690"
Matteo Ruggeri,,DF,Atalanta,21,"3,513","182,690"
Gabriele Guarino,,CB,Empoli,19,"3,513","182,690"
Jacopo Desogus,,LW,Cagliari,20,"3,513","182,690"
Riccardo Pagano,,CM,Roma,19,"3,513","182,690"
Hubert Idasiak,,GK,Napoli,21,"3,513","182,690"
Lapo Nava,,GK,Milan,20,"3,513","182,690"
Filippo Missori,,RB,Sassuolo,19,"3,513","182,690"
Luca Lipani,,DM,Sassuolo,18,"3,513","182,690"
Federico Brancolini,,GK,Lecce,22,"3,513","182,690"
Rares Burnete,,CF,Lecce,19,"3,513","182,690"
Mateus Lusuardi,,CB,Frosinone,20,"3,100","161,197"
Jacopo Fazzini,,CM,Empoli,20,"3,100","161,197"
Saba Goglichidze,,CB,Empoli,19,"3,100","161,197"
Ange Caumenan N'Guessan,,CB,Torino,20,"2,893","150,450"
Sekou Diawara,,FW,Udinese,19,"2,687","139,704"
Simone Calvani,,GK,Genoa,18,"2,687","139,704"
Pasquale Allocca,,GK,Salernitana,18,"2,687","139,704"
Axel Guessand,,DF,Udinese,18,"2,480","128,957"
Bruno Amione,,DF,Hellas Verona,21,"2,480","128,957"
Charlys,,DM,Hellas Verona,19,"2,480","128,957"
Leandre Kuavita,,CM,Genoa,19,"2,480","128,957"
Daniel Macej,,CB,Frosinone,19,"2,480","128,957"
Diego Gonzalez,,LW,Lazio,20,"2,480","128,957"
Lovro Stubljar,,GK,Empoli,19,"2,480","128,957"
Trivante Stewart,,CF,Salernitana,23,"2,480","128,957"
Emil Ceide,,"FW,MF",Sassuolo,21,"2,480","128,957"
Alexandru Borbei,,GK,Lecce,20,"2,480","128,957"
Jasper Samooja,,GK,Lecce,20,"2,480","128,957"
Jeppe Corfitzen,,RW,Lecce,18,"2,480","128,957"
Medon Berisha,,CM,Lecce,20,"2,480","128,957"
Patrick Dorgu,,LB,Lecce,18,"2,480","128,957"
Valentin Gendrey,,DF,Lecce,23,"2,480","128,957"
Zinedin Smajlovic,,CB,Lecce,19,"2,480","128,957"
James Abankwah,,CB,Udinese,20,"1,256","65,293"
Paul Pogba,,MF,Juventus,30,868,"45,135"
