player,nation,pos,squad,age,born,90s,won,lost,won%
Tammy Abraham,ENG,FW,Roma,25,1997,2.7,6,5,54.5
Francesco Acerbi,ITA,DF,Inter,35,1988,26.5,70,37,65.4
Yacine Adli,FRA,MF,Milan,23,2000,15.6,15,10,60.0
Michel Aebischer,SUI,MF,Bologna,26,1997,24.8,11,16,40.7
Lucien Agoume,FRA,MF,Inter,21,2002,0.1,1,0,100.0
Marley Aké,FRA,FW,Udinese,22,2001,0.1,0,2,0.0
Ebenezer Akinsanmiro,NGA,MF,Inter,18,2004,0.2,0,0,
Jean-Daniel Akpa-Akpro,CIV,MF,Monza,30,1992,7.8,5,7,41.7
David Akpan Ankeye,NGA,FW,Genoa,21,2002,0.6,0,1,0.0
Luis Alberto,ESP,MF,Lazio,30,1992,25.7,10,19,34.5
Carlos Alcaraz,ARG,MF,Juventus,20,2002,4.2,2,9,18.2
Pontus Almqvist,SWE,"FW,MF",Lecce,24,1999,23.4,14,22,38.9
Lorenzo Amatucci,ITA,MF,Fiorentina,19,2004,0.2,1,1,50.0
Bruno Amione,ARG,DF,Hellas Verona,21,2002,6.4,19,10,65.5
Felipe Anderson,BRA,"FW,MF",Lazio,30,1993,30.8,15,16,48.4
Angeliño,ESP,DF,Roma,26,1997,12.7,15,9,62.5
Houssem Aouar,ALG,"MF,FW",Roma,25,1998,8.4,10,11,47.6
Simone Aresti,ITA,GK,Cagliari,37,1986,0.0,0,0,
Marko Arnautović,AUT,FW,Inter,34,1989,8.9,4,7,36.4
Kristjan Asllani,ALB,MF,Inter,21,2002,8.7,4,7,36.4
Emil Audero,ITA,GK,Inter,26,1997,3.7,1,0,100.0
Tommaso Augello,ITA,DF,Cagliari,28,1994,26.9,34,28,54.8
Carlos Augusto,BRA,DF,Inter,24,1999,19.2,59,26,69.4
Yann Aurel Bisseck,GER,DF,Inter,22,2000,10.0,18,17,51.4
Sardar Azmoun,IRN,"FW,MF",Roma,28,1995,6.5,13,15,46.4
Paulo Azzi,BRA,"DF,MF",Cagliari,29,1994,10.6,13,11,54.2
Oussama El Azzouzi,MAR,MF,Bologna,22,2001,6.1,5,11,31.3
Milan Badelj,CRO,MF,Genoa,34,1989,28.2,12,13,48.0
Jaime Báez,URU,"FW,MF",Frosinone,28,1995,5.6,4,5,44.4
Nicola Bagnolini,ITA,GK,Bologna,19,2004,0.1,0,0,
Nedim Bajrami,ALB,"MF,FW",Sassuolo,24,1999,14.6,2,11,15.4
Mitchel Bakker,NED,DF,Atalanta,23,2000,4.2,4,1,80.0
Tommaso Baldanzi,ITA,"MF,FW",Empoli,20,2003,8.3,1,6,14.3
Tommaso Baldanzi,ITA,"FW,MF",Roma,20,2003,5.8,0,2,0.0
Lameck Banda,ZAM,FW,Lecce,22,2001,15.0,9,16,36.0
Daniel Bandeira,POR,MF,Hellas Verona,23,2000,5.0,4,12,25.0
Mattia Bani,ITA,DF,Genoa,29,1993,25.6,49,42,53.8
Antonín Barák,CZE,"MF,FW",Fiorentina,28,1994,9.0,13,22,37.1
Nicolò Barella,ITA,MF,Inter,26,1997,31.6,20,15,57.1
Enzo Barrenechea,ARG,MF,Frosinone,22,2001,31.2,51,43,54.3
Davide Bartesaghi,ITA,"DF,MF",Milan,17,2005,0.9,3,0,100.0
Federico Baschirotto,ITA,DF,Lecce,26,1996,36.6,93,70,57.1
Toma Bašić,CRO,MF,Salernitana,26,1996,12.9,8,12,40.0
Alessandro Bastoni,ITA,DF,Inter,24,1999,25.2,37,29,56.1
Simone Bastoni,ITA,"MF,DF",Empoli,26,1996,8.3,8,11,42.1
Reda Belahyane,MAR,MF,Hellas Verona,19,2004,1.0,0,0,
Raoul Bellanova,ITA,DF,Torino,23,2000,33.8,30,32,48.4
Andrea Belotti,ITA,FW,Fiorentina,29,1993,10.5,39,43,47.6
Andrea Belotti,ITA,FW,Roma,29,1993,7.5,14,22,38.9
Lucas Beltrán,ARG,"FW,MF",Fiorentina,22,2001,18.8,22,58,27.5
Ismaël Bennacer,ALG,MF,Milan,25,1997,12.8,13,19,40.6
Domenico Berardi,ITA,FW,Sassuolo,28,1994,15.9,9,18,33.3
Bartosz Bereszyński,POL,DF,Empoli,31,1992,19.6,23,16,59.0
Etrit Berisha,ALB,GK,Empoli,34,1989,14.0,7,0,100.0
Medon Berisha,ALB,"FW,MF",Lecce,19,2003,2.3,1,0,100.0
Victor Bernth Kristiansen,DEN,DF,Bologna,20,2002,25.6,24,19,55.8
Beto,GNB,FW,Udinese,25,1998,0.8,0,2,0.0
Davide Bettella,ITA,MF,Monza,23,2000,0.0,0,0,
Sam Beukema,NED,DF,Bologna,24,1998,28.3,46,36,56.1
Jaka Bijol,SVN,DF,Udinese,24,1999,23.2,84,26,76.4
El Bilal Touré,MLI,FW,Atalanta,21,2001,4.4,14,14,50.0
Cristiano Biraghi,ITA,DF,Fiorentina,30,1992,26.2,8,12,40.0
Davide Biraschi,ITA,DF,Genoa,29,1994,1.0,1,0,100.0
Samuele Birindelli,ITA,DF,Monza,24,1999,22.4,8,6,57.1
Alexis Blin,FRA,MF,Lecce,26,1996,18.2,28,48,36.8
Jérôme Boateng,GER,DF,Salernitana,34,1988,2.6,8,7,53.3
Emil Bohinen,NOR,MF,Genoa,24,1999,0.6,2,1,66.7
Emil Bohinen,NOR,MF,Salernitana,24,1999,5.9,11,10,52.4
Daniel Boloca,ROU,MF,Sassuolo,24,1998,22.5,24,20,54.5
Giacomo Bonaventura,ITA,MF,Fiorentina,33,1989,25.3,14,17,45.2
Federico Bonazzoli,ITA,"FW,MF",Hellas Verona,26,1997,11.3,6,11,35.3
Warren Bondo,FRA,MF,Monza,19,2003,16.4,10,7,58.8
Giovanni Bonfanti,ITA,DF,Atalanta,20,2003,1.0,1,2,33.3
Kevin Bonifazi,ITA,DF,Bologna,27,1996,1.0,0,0,
Kevin Bonifazi,ITA,DF,Frosinone,27,1996,3.4,6,7,46.2
Gennaro Borrelli,ITA,FW,Frosinone,23,2000,0.3,0,1,0.0
Erik Botheim,NOR,"FW,MF",Salernitana,23,2000,3.5,2,17,10.5
Mehdi Bourabia,MAR,MF,Frosinone,31,1991,2.2,2,3,40.0
Edoardo Bove,ITA,MF,Roma,21,2002,19.8,29,35,45.3
Domagoj Bradarić,CRO,DF,Salernitana,23,1999,30.5,23,28,45.1
Josip Brekalo,CRO,FW,Fiorentina,25,1998,7.2,1,4,20.0
Gleison Bremer,BRA,DF,Juventus,26,1997,35.9,102,56,64.6
Brenner,BRA,"MF,FW",Udinese,23,2000,2.1,0,2,0.0
Marco Brescianini,ITA,MF,Frosinone,23,2000,25.8,20,30,40.0
Dylan Bronn,TUN,"DF,MF",Salernitana,28,1995,0.6,4,4,50.0
Tajon Buchanan,CAN,DF,Inter,24,1999,1.8,0,3,0.0
Alessandro Buongiorno,ITA,DF,Torino,24,1999,28.1,78,53,59.5
Rareș-Cătălin Burnete,ROU,FW,Lecce,19,2004,0.1,0,0,
Jovane Cabral,CPV,"MF,FW",Salernitana,25,1998,7.5,5,15,25.0
Liberato Cacace,NZL,DF,Empoli,22,2000,21.2,17,22,43.6
Jens Cajuste,SWE,MF,Napoli,23,1999,11.3,15,17,46.9
Davide Calabria,ITA,DF,Milan,26,1996,24.3,12,27,30.8
Riccardo Calafiori,ITA,DF,Bologna,21,2002,26.1,60,24,71.4
Mattia Caldara,ITA,DF,Milan,29,1994,0.4,2,0,100.0
Luca Caldirola,ITA,DF,Monza,32,1991,23.8,30,23,56.6
Hakan Çalhanoğlu,TUR,MF,Inter,29,1994,28.4,26,18,59.1
Francesco Camarda,ITA,FW,Milan,15,2008,0.2,0,2,0.0
Nicolò Cambiaghi,ITA,"FW,MF",Empoli,22,2000,28.4,9,25,26.5
Andrea Cambiaso,ITA,"DF,FW",Juventus,23,2000,26.4,13,16,44.8
Matteo Cancellieri,ITA,"FW,MF",Empoli,21,2002,19.9,32,67,32.3
Antonio Candreva,ITA,"MF,FW",Salernitana,36,1987,30.6,0,1,0.0
Luigi Canotto,ITA,FW,Frosinone,29,1994,0.2,0,0,
Gianluca Caprari,ITA,"MF,FW",Monza,30,1993,3.2,0,5,0.0
Elia Caprile,ITA,GK,Empoli,21,2001,23.0,10,2,83.3
Francesco Caputo,ITA,FW,Empoli,35,1987,14.1,12,23,34.3
Andrea Carboni,ITA,DF,Monza,22,2001,16.5,21,17,55.3
Valentin Carboni,ARG,"MF,FW",Monza,18,2005,13.0,4,13,23.5
Marco Carnesecchi,ITA,GK,Atalanta,23,2000,26.9,7,1,87.5
Nicolò Casale,ITA,DF,Lazio,25,1998,17.3,23,24,48.9
Giuseppe Caso,ITA,"FW,MF",Frosinone,24,1998,4.6,0,2,0.0
Valentín Castellanos,ARG,FW,Lazio,24,1998,18.7,71,64,52.6
Samu Castillejo,ESP,"FW,MF",Sassuolo,28,1995,6.0,2,9,18.2
Santiago Castro,ARG,FW,Bologna,18,2004,2.7,5,7,41.7
Gaetano Castrovilli,ITA,"FW,MF",Fiorentina,26,1997,4.1,3,2,60.0
Danilo Cataldi,ITA,MF,Lazio,28,1994,15.1,6,4,60.0
Emil Ceide,NOR,"FW,MF",Sassuolo,21,2001,2.0,0,3,0.0
Zeki Çelik,TUR,DF,Roma,26,1997,7.5,3,7,30.0
Fabien Centonze,FRA,DF,Hellas Verona,27,1996,7.5,9,5,64.3
Michele Cerofolini,ITA,GK,Frosinone,24,1999,7.5,1,0,100.0
Alberto Cerri,ITA,FW,Empoli,27,1996,6.1,41,30,57.7
Leonardo Cerri,ITA,DF,Juventus,20,2003,0.1,0,0,
Charlys,BRA,MF,Hellas Verona,19,2004,0.3,0,0,
Walid Cheddira,MAR,FW,Frosinone,25,1998,23.6,37,69,34.9
Federico Chiesa,ITA,FW,Juventus,25,1997,24.4,0,9,0.0
Oliver Christensen,DEN,GK,Fiorentina,24,1999,4.0,0,0,
Samuel Chukwueze,NGA,FW,Milan,24,1999,11.3,9,17,34.6
Alphadjo Cissè,ITA,FW,Hellas Verona,16,2006,0.1,0,0,
Giorgio Cittadini,ITA,DF,Monza,21,2002,0.2,0,0,
Giorgio Cittadini,ITA,DF,Genoa,21,2002,1.2,2,4,33.3
Patrick Ciurria,ITA,"DF,MF",Monza,28,1995,17.8,7,9,43.8
Lorenzo Colombo,ITA,FW,Monza,21,2002,15.1,19,64,22.9
Andrea Colpani,ITA,"MF,FW",Monza,24,1999,29.5,9,25,26.5
Pietro Comuzzo,ITA,"DF,FW",Fiorentina,18,2005,0.5,8,3,72.7
Andrea Consigli,ITA,GK,Sassuolo,36,1987,35.0,7,0,100.0
Nikita Contini Baranovsky,ITA,GK,Napoli,27,1996,0.2,0,0,
Diego Coppola,ITA,DF,Hellas Verona,19,2003,18.2,82,47,63.6
Tommaso Corazza,ITA,DF,Bologna,19,2004,2.2,0,1,0.0
Jeppe Corfitzen,DEN,FW,Lecce,18,2004,0.1,0,1,0.0
Giacomo Corona,ITA,FW,Empoli,19,2004,0.1,0,0,
João Costa,BRA,"MF,FW",Roma,18,2005,0.2,0,0,
Benoît Costil,FRA,GK,Salernitana,36,1987,13.0,0,0,
Lassana Coulibaly,MLI,MF,Salernitana,27,1996,23.1,29,32,47.5
Mamadou Coulibaly,SEN,DF,Salernitana,24,1999,0.0,0,0,
Alessio Cragno,ITA,GK,Sassuolo,29,1994,3.0,1,0,100.0
Bryan Cristante,ITA,"MF,DF",Roma,28,1995,36.5,82,60,57.7
Juan Cruz,ARG,"FW,MF",Hellas Verona,24,1999,1.2,1,3,25.0
Juan Cuadrado,COL,DF,Inter,35,1988,3.0,0,0,
Marvin Cuni,ALB,FW,Frosinone,22,2001,5.9,16,33,32.7
Danilo D'Ambrosio,ITA,DF,Monza,34,1988,17.1,27,20,57.4
Flavius Daniliuc,AUT,DF,Salernitana,22,2001,8.3,20,15,57.1
Danilo,BRA,DF,Juventus,32,1991,27.2,37,27,57.8
Matteo Darmian,ITA,DF,Inter,33,1989,26.7,20,17,54.1
Juan David Cabal,COL,DF,Hellas Verona,22,2001,16.6,58,21,73.4
Keinan Davis,ENG,"FW,MF",Udinese,25,1998,2.1,9,5,64.3
Paweł Dawidowicz,POL,DF,Hellas Verona,28,1995,23.8,67,30,69.1
Charles De Ketelaere,BEL,"FW,MF",Atalanta,22,2001,22.5,38,35,52.1
Mattia De Sciglio,ITA,DF,Juventus,30,1992,0.5,0,0,
Lorenzo De Silvestri,ITA,DF,Bologna,35,1988,7.5,9,5,64.3
Koni De Winter,BEL,DF,Genoa,21,2002,26.4,58,38,60.4
Grégoire Defrel,MTQ,"FW,MF",Sassuolo,32,1991,8.4,6,21,22.2
Alessandro Deiola,ITA,MF,Cagliari,27,1995,17.9,35,30,53.8
Alessandro Dellavalle,ITA,DF,Torino,19,2004,0.2,1,0,100.0
Diego Demme,GER,MF,Napoli,31,1991,0.8,1,0,100.0
Leander Dendoncker,BEL,MF,Napoli,28,1995,0.3,2,0,100.0
Mattia Destro,ITA,"FW,MF",Empoli,32,1991,4.1,13,17,43.3
Federico Di Francesco,ITA,"FW,MF",Lecce,29,1994,0.2,0,0,
Raffaele Di Gennaro,ITA,GK,Inter,29,1993,0.3,0,0,
Michele Di Gregorio,ITA,GK,Monza,26,1997,31.9,6,1,85.7
Giovanni Di Lorenzo,ITA,DF,Napoli,29,1993,35.9,27,39,40.9
Alessandro Di Pardo,ITA,"DF,MF",Cagliari,24,1999,4.0,4,2,66.7
Boulaye Dia,SEN,"FW,MF",Salernitana,26,1996,12.7,6,27,18.2
Federico Dimarco,ITA,DF,Inter,25,1997,23.1,6,9,40.0
Tiago Djaló,POR,DF,Juventus,23,2000,0.2,0,1,0.0
Koffi Djidji,CIV,DF,Torino,30,1992,8.4,8,6,57.1
Berat Djimsiti,ALB,DF,Atalanta,30,1993,31.5,92,55,62.6
Dodô,BRA,DF,Fiorentina,24,1998,5.8,4,2,66.7
Josh Doig,SCO,DF,Hellas Verona,21,2002,9.2,5,7,41.7
Josh Doig,SCO,DF,Sassuolo,21,2002,14.9,15,14,51.7
Nicolás Domínguez,ARG,MF,Bologna,25,1998,1.1,1,0,100.0
Giulio Donati,ITA,DF,Monza,33,1990,0.4,0,2,0.0
Patrick Dorgu,DEN,"DF,MF",Lecce,18,2004,17.4,27,25,51.9
Alberto Dossena,ITA,DF,Cagliari,24,1998,33.1,118,68,63.4
Radu Drăgușin,ROU,DF,Genoa,21,2002,19.0,58,25,69.9
Ondrej Duda,SVK,MF,Hellas Verona,28,1994,27.3,7,19,26.9
Denzel Dumfries,NED,DF,Inter,27,1996,18.2,36,18,66.7
Alfred Duncan,GHA,MF,Fiorentina,30,1993,21.0,29,29,50.0
Paulo Dybala,ARG,"FW,MF",Roma,29,1993,21.8,7,21,25.0
Festy Ebosele,IRL,DF,Udinese,20,2002,18.9,16,18,47.1
Enzo Ebosse,CMR,DF,Udinese,24,1999,0.1,0,0,
Tyronne Ebuehi,NGA,DF,Empoli,27,1995,12.2,8,18,30.8
Éderson,BRA,MF,Atalanta,24,1999,31.9,35,25,58.3
Kingsley Ehizibue,NED,DF,Udinese,28,1995,10.6,12,13,48.0
Emmanuel Ekong,SWE,FW,Empoli,21,2002,0.1,0,0,
Caleb Ekuban,GHA,FW,Genoa,29,1994,12.6,33,34,49.3
Elif Elmas,MKD,"FW,MF",Napoli,23,1999,3.8,1,6,14.3
Martin Erlic,CRO,DF,Sassuolo,25,1998,29.1,55,48,53.4
Giovanni Fabbian,ITA,"MF,FW",Bologna,20,2003,11.7,17,22,43.6
Nicolò Fagioli,ITA,MF,Juventus,22,2001,4.9,1,0,100.0
Wladimiro Falcone,ITA,GK,Lecce,28,1995,38.0,5,0,100.0
Davide Faraoni,ITA,DF,Hellas Verona,31,1991,6.7,9,7,56.3
Davide Faraoni,ITA,DF,Fiorentina,31,1991,4.4,4,7,36.4
Federico Fazio,ARG,DF,Salernitana,36,1987,15.1,50,21,70.4
Jacopo Fazzini,ITA,MF,Empoli,20,2003,13.7,14,29,32.6
Lewis Ferguson,SCO,MF,Bologna,23,1999,30.1,34,40,45.9
Andrea Ferraris,ITA,MF,Monza,20,2003,0.1,0,1,0.0
João Ferreira,POR,DF,Udinese,22,2001,20.2,18,14,56.3
Seydou Fini,ITA,"DF,FW",Genoa,17,2006,0.4,1,2,33.3
Vincenzo Fiorillo,ITA,GK,Salernitana,33,1990,4.0,1,0,100.0
Alessandro Florenzi,ITA,DF,Milan,32,1991,19.2,7,17,29.2
Michael Folorunsho,ITA,"MF,FW",Hellas Verona,25,1998,30.9,75,78,49.0
Davide Frattesi,ITA,MF,Inter,23,1999,10.6,14,15,48.3
Morten Frendrup,DEN,MF,Genoa,22,2001,34.9,31,29,51.7
Remo Freuler,SUI,MF,Bologna,31,1992,29.2,20,27,42.6
Gerardo Fusco,ITA,FW,Salernitana,18,2005,0.2,0,0,
Matteo Gabbia,ITA,DF,Milan,23,1999,14.2,35,18,66.0
Gianluca Gaetano,ITA,"FW,MF",Cagliari,23,2000,8.3,4,24,14.3
Gianluca Gaetano,ITA,MF,Napoli,23,2000,1.8,1,3,25.0
Roberto Gagliardini,ITA,"MF,DF",Monza,29,1994,26.2,46,36,56.1
Pablo Galdames Millán,CHI,"MF,DF",Genoa,26,1996,0.1,1,1,50.0
Antonino Gallo,ITA,DF,Lecce,23,2000,27.7,25,33,43.1
Luca Garritano,ITA,"MF,DF",Frosinone,29,1994,5.4,3,7,30.0
Federico Gatti,ITA,DF,Juventus,25,1998,29.3,50,31,61.7
Francesco Gelli,ITA,"MF,DF",Frosinone,26,1996,17.3,15,16,48.4
Luca Gemello,ITA,GK,Torino,23,2000,2.0,0,0,
Valentin Gendrey,FRA,DF,Lecce,23,2000,33.8,53,39,57.6
Farés Ghedjemis,FRA,"FW,MF",Frosinone,20,2002,2.0,1,2,33.3
Lautaro Gianetti,ARG,DF,Udinese,29,1993,7.0,8,8,50.0
Mario Gila,ESP,DF,Lazio,22,2000,20.1,29,43,40.3
Gvidas Gineitis,LTU,MF,Torino,19,2004,6.0,7,5,58.3
Olivier Giroud,FRA,FW,Milan,36,1986,26.3,59,57,50.9
Edoardo Goldaniga,ITA,DF,Cagliari,29,1993,11.2,18,18,50.0
Pierluigi Gollini,ITA,GK,Napoli,28,1995,7.0,2,0,100.0
Papu Gómez,ARG,"MF,FW",Monza,35,1988,0.5,0,0,
Iron Gomis,FRA,MF,Salernitana,23,1999,1.5,3,0,100.0
Joan Gonzàlez,ESP,MF,Lecce,21,2002,14.3,25,36,41.0
Nicolás González,ARG,FW,Fiorentina,25,1998,21.3,64,50,56.1
Alberto Grassi,ITA,MF,Empoli,28,1995,20.1,28,30,48.3
Mattéo Guendouzi,FRA,MF,Lazio,24,1999,26.3,12,25,32.4
Axel Guessand,FRA,DF,Udinese,18,2004,0.5,1,1,50.0
Albert Guðmundsson,ISL,"FW,MF",Genoa,26,1997,33.5,3,22,12.0
Emmanuel Gyasi,GHA,"DF,FW",Empoli,29,1994,20.9,17,37,31.5
Norbert Gyömbér,SVK,DF,Salernitana,31,1992,19.6,31,28,52.5
Nicolas Haas,SUI,MF,Empoli,27,1996,1.0,3,0,100.0
Ridgeciano Haps,SUR,DF,Genoa,30,1993,8.6,10,6,62.5
Abdou Harroui,NED,"MF,FW",Frosinone,25,1998,11.3,12,8,60.0
Hans Hateboer,NED,DF,Atalanta,29,1994,12.4,18,11,62.1
Pantelis Hatzidiakos,GRE,DF,Cagliari,26,1997,9.5,5,9,35.7
Silvan Hefti,SUI,"MF,DF",Genoa,25,1997,1.3,2,2,50.0
Liam Henderson,SCO,MF,Empoli,27,1996,0.1,0,0,
Matheus Henrique,BRA,MF,Sassuolo,25,1997,27.8,14,12,53.8
Thomas Henry,FRA,FW,Hellas Verona,28,1994,3.7,19,20,48.7
Theo Hernández,FRA,DF,Milan,25,1997,31.0,29,18,61.7
Isak Hien,SWE,DF,Hellas Verona,24,1999,9.6,34,24,58.6
Isak Hien,SWE,DF,Atalanta,24,1999,10.4,36,15,70.6
Emil Holm,SWE,DF,Atalanta,23,2000,10.5,28,24,53.8
Martin Hongla,CMR,MF,Hellas Verona,25,1998,12.0,9,10,47.4
Sydney van Hooijdonk,NED,FW,Bologna,23,2000,2.4,5,12,29.4
Dean Huijsen,ESP,DF,Roma,18,2005,5.7,9,7,56.3
Dean Huijsen,ESP,DF,Juventus,18,2005,0.1,0,0,
Elseid Hysaj,ALB,DF,Lazio,29,1994,13.3,14,13,51.9
Arijon Ibrahimović,GER,"FW,DF",Frosinone,17,2005,5.3,5,8,38.5
Jonathan Ikone,FRA,FW,Fiorentina,25,1998,18.7,15,22,40.5
Chukwubuikem Ikwuemesi,NGA,FW,Salernitana,21,2001,11.8,29,59,33.0
Ivan Ilić,SRB,MF,Torino,22,2001,23.3,19,19,50.0
Samuel Iling-Junior,ENG,"DF,MF",Juventus,19,2003,9.0,9,3,75.0
Ciro Immobile,ITA,FW,Lazio,33,1990,18.4,14,28,33.3
Gino Infantino,ARG,MF,Fiorentina,20,2003,1.1,1,5,16.7
Gustav Isaksen,DEN,FW,Lazio,22,2001,11.9,4,7,36.4
Ardian Ismajli,ALB,DF,Empoli,26,1996,22.7,52,39,57.1
Armando Izzo,ITA,DF,Monza,31,1992,18.3,19,20,48.7
Filip Jagiełło,POL,MF,Genoa,25,1997,0.4,0,0,
Jakub Jankto,CZE,"MF,FW",Cagliari,27,1996,9.7,3,8,27.3
Juan Jesus,BRA,DF,Napoli,32,1991,23.5,47,47,50.0
Alejandro Jiménez,ESP,DF,Milan,18,2005,0.8,0,0,
Kaio Jorge,BRA,FW,Frosinone,21,2002,9.0,8,23,25.8
Luka Jović,SRB,FW,Milan,25,1997,9.7,17,15,53.1
Hamed Junior Traorè,CIV,MF,Napoli,23,2000,4.2,1,5,16.7
Mohamed Kaba,FRA,MF,Lecce,21,2001,15.3,21,18,53.8
Christian Kabasele,BEL,DF,Udinese,32,1991,9.6,26,10,72.2
Yayah Kallon,SLE,FW,Hellas Verona,22,2001,0.0,1,0,100.0
Pierre Kalulu,FRA,DF,Milan,23,2000,4.2,3,8,27.3
Daichi Kamada,JPN,MF,Lazio,26,1996,17.2,3,16,15.8
Hassane Kamara,CIV,DF,Udinese,29,1994,24.7,16,14,53.3
Yann Karamoh,FRA,"MF,FW",Torino,25,1998,1.8,2,2,50.0
Jesper Karlsson,SWE,FW,Bologna,25,1998,3.8,0,2,0.0
Rick Karsdorp,NED,DF,Roma,28,1995,13.2,5,2,71.4
Grigoris Kastanos,CYP,"MF,DF",Salernitana,25,1998,16.4,24,36,40.0
Michael Kayode,ITA,DF,Fiorentina,19,2004,22.9,17,18,48.6
Moise Kean,ITA,FW,Juventus,23,2000,7.3,10,6,62.5
Simon Kjær,DEN,DF,Milan,34,1989,13.0,23,17,57.5
Davy Klaassen,NED,MF,Inter,30,1993,2.3,4,1,80.0
Sead Kolašinac,BIH,DF,Atalanta,30,1993,24.2,34,32,51.5
Teun Koopmeiners,NED,MF,Atalanta,25,1998,29.2,29,34,46.0
Filip Kostić,SRB,DF,Juventus,30,1992,20.2,11,17,39.3
Christian Kouamé,CIV,FW,Fiorentina,25,1997,12.1,56,43,56.6
Viktor Kovalenko,UKR,MF,Empoli,27,1996,6.8,8,14,36.4
Rasmus Kristensen,DEN,DF,Roma,26,1997,19.4,30,21,58.8
Thomas Kristensen,DEN,DF,Udinese,21,2002,23.3,58,40,59.2
Nikola Krstović,MNE,FW,Lecce,23,2000,26.4,63,82,43.4
Rade Krunić,BIH,MF,Milan,29,1993,7.6,11,6,64.7
Marash Kumbulla,ALB,DF,Sassuolo,23,2000,4.0,4,4,50.0
Justin Kumi,ITA,FW,Sassuolo,19,2004,0.0,0,0,
Berkan Kutlu,TUR,MF,Genoa,25,1998,2.2,2,2,50.0
Khvicha Kvaratskhelia,GEO,FW,Napoli,22,2001,30.4,11,20,35.5
Giorgi Kvernadze,GEO,"FW,DF",Frosinone,20,2003,0.7,0,0,
Giorgos Kyriakopoulos,GRE,DF,Monza,27,1996,19.0,12,20,37.5
Gianluca Lapadula,PER,FW,Cagliari,33,1990,13.4,21,31,40.4
Armand Lauriente,FRA,FW,Sassuolo,24,1998,32.3,6,28,17.6
Valentino Lazaro,AUT,"DF,MF",Torino,27,1996,22.2,14,20,41.2
Darko Lazović,SRB,"FW,MF",Hellas Verona,32,1990,21.4,8,15,34.8
Manuel Lazzari,ITA,DF,Lazio,29,1993,18.6,5,16,23.8
Nicola Leali,ITA,GK,Genoa,30,1993,2.0,0,0,
Rafael Leão,POR,FW,Milan,24,1999,27.9,24,17,58.5
Jesper Lindstrøm,DEN,"FW,MF",Napoli,23,2000,4.8,1,4,20.0
Karol Linetty,POL,MF,Torino,28,1995,20.6,18,16,52.9
Luca Lipani,ITA,MF,Sassuolo,18,2005,4.3,5,7,41.7
Pol Lirola,ESP,DF,Frosinone,25,1997,17.1,14,19,42.4
Marcin Listkowski,POL,FW,Lecce,25,1998,0.1,0,0,
Diego Llorente,ESP,DF,Roma,29,1993,24.1,43,50,46.2
Stanislav Lobotka,SVK,MF,Napoli,28,1994,36.5,11,23,32.4
Manuel Locatelli,ITA,MF,Juventus,25,1998,33.4,26,15,63.4
Ruben Loftus-Cheek,ENG,MF,Milan,27,1996,23.0,43,31,58.1
Ademola Lookman,NGA,"FW,MF",Atalanta,25,1997,21.0,18,21,46.2
Maxime Lopez,FRA,MF,Fiorentina,25,1997,8.9,3,5,37.5
Maxime Lopez,FRA,MF,Sassuolo,25,1997,1.6,0,1,0.0
Matteo Lovato,ITA,DF,Torino,23,2000,6.0,11,9,55.0
Matteo Lovato,ITA,DF,Salernitana,23,2000,10.5,15,18,45.5
Sandi Lovrić,SVN,MF,Udinese,25,1998,22.1,8,18,30.8
Lorenzo Lucca,ITA,FW,Udinese,22,2000,28.8,95,93,50.5
Jhon Lucumí,COL,DF,Bologna,25,1998,24.6,29,28,50.9
José Luis Palomino,ARG,DF,Atalanta,33,1990,0.3,3,0,100.0
Romelu Lukaku,BEL,FW,Roma,30,1993,29.3,51,55,48.1
Karlo Lulić,CRO,MF,Frosinone,27,1996,0.2,0,1,0.0
Sebastiano Luperto,ITA,DF,Empoli,26,1996,37.8,77,58,57.0
Mateus Lusuardi,BRA,DF,Frosinone,19,2004,2.4,3,1,75.0
Zito Luvumbo,ANG,"FW,MF",Cagliari,21,2002,21.6,4,27,12.9
Charalambos Lykogiannis,GRE,DF,Bologna,29,1993,10.0,16,13,55.2
Giulio Maggiore,ITA,MF,Salernitana,25,1998,20.0,24,46,34.3
Giangiacomo Magnani,ITA,DF,Hellas Verona,27,1995,27.2,45,37,54.9
Mike Maignan,FRA,GK,Milan,28,1995,29.0,7,1,87.5
Antoine Makoumbou,CGO,MF,Cagliari,25,1998,30.0,11,20,35.5
Daniel Maldini,ITA,"MF,FW",Monza,21,2001,3.7,1,5,16.7
Daniel Maldini,ITA,"FW,MF",Empoli,21,2001,2.9,7,5,58.3
Youssef Maleh,MAR,MF,Empoli,24,1998,28.9,17,34,33.3
Ruslan Malinovskyi,UKR,MF,Genoa,30,1993,17.2,22,19,53.7
Gianluca Mancini,ITA,DF,Roma,27,1996,31.9,42,33,56.0
Marco Mancosu,ITA,"MF,FW",Cagliari,34,1988,1.7,0,4,0.0
Christos Mandas,GRE,GK,Lazio,21,2001,8.0,2,0,100.0
Rolando Mandragora,ITA,MF,Fiorentina,26,1997,17.6,31,39,44.3
Kostas Manolas,GRE,DF,Salernitana,32,1991,5.4,20,8,71.4
Riccardo Marchizza,ITA,DF,Frosinone,25,1998,12.8,9,12,42.9
Gian Marco Ferrari,ITA,DF,Sassuolo,31,1992,25.2,39,38,50.6
Pablo Marí,ESP,DF,Monza,29,1993,29.1,41,20,67.2
Mirko Marić,CRO,FW,Monza,28,1995,3.2,11,17,39.3
Răzvan Marin,ROU,MF,Empoli,27,1996,20.2,12,12,50.0
Agustín Martegani,ARG,MF,Salernitana,23,2000,8.1,6,5,54.5
Aarón Martín,ESP,DF,Genoa,26,1997,15.3,8,11,42.1
Tommaso Martinelli,ITA,GK,Fiorentina,17,2006,1.0,0,0,
Josep Martinez,ESP,GK,Genoa,25,1998,36.0,13,1,92.9
Lautaro Martínez,ARG,FW,Inter,25,1997,29.5,38,27,58.5
Lucas Martínez Quarta,ARG,DF,Fiorentina,27,1996,25.5,49,55,47.1
Adam Marušić,MNE,DF,Lazio,30,1992,34.4,32,33,49.2
Adam Masina,MAR,DF,Udinese,29,1994,0.7,4,1,80.0
Adam Masina,MAR,DF,Torino,29,1994,11.4,22,14,61.1
Alan Matturro,URU,DF,Genoa,18,2004,1.2,3,2,60.0
Luca Mazzitelli,ITA,MF,Frosinone,27,1995,24.6,41,38,51.9
Pasquale Mazzocchi,ITA,DF,Salernitana,28,1995,14.1,6,26,18.8
Pasquale Mazzocchi,ITA,DF,Napoli,28,1995,4.8,12,7,63.2
Jordi Mboula,ESP,"FW,MF",Hellas Verona,24,1999,3.4,4,14,22.2
Weston McKennie,USA,"MF,DF",Juventus,24,1998,28.8,37,34,52.1
Arthur Melo,BRA,MF,Fiorentina,26,1996,22.1,7,7,50.0
Leonardo Mendicino,ITA,MF,Atalanta,17,2006,0.0,0,0,
Alex Meret,ITA,GK,Napoli,26,1997,30.8,4,1,80.0
Junior Messias,BRA,"MF,DF",Genoa,32,1991,11.7,15,24,38.5
Nikola Milenković,SRB,DF,Fiorentina,25,1997,27.9,111,28,79.9
Arkadiusz Milik,POL,FW,Juventus,29,1994,10.2,24,32,42.9
Vanja Milinković-Savić,SRB,GK,Torino,26,1997,36.0,9,2,81.8
Yerry Mina,COL,"DF,MF",Fiorentina,28,1994,0.5,1,0,100.0
Yerry Mina,COL,DF,Cagliari,28,1994,13.5,35,14,71.4
Aleksei Miranchuk,RUS,"MF,FW",Atalanta,27,1995,13.1,7,11,38.9
Kevin Miranda,ITA,DF,Sassuolo,20,2003,0.2,0,0,
Antonio Mirante,ITA,GK,Milan,40,1983,2.0,2,0,100.0
Fabio Miretti,ITA,MF,Juventus,19,2003,12.3,3,12,20.0
Filippo Missori,ITA,DF,Sassuolo,19,2004,3.0,6,1,85.7
Stefan Mitrović,SRB,"FW,MF",Hellas Verona,20,2002,4.3,4,18,18.2
Henrikh Mkhitaryan,ARM,MF,Inter,34,1989,30.9,15,16,48.4
Ilario Monterisi,ITA,DF,Frosinone,21,2001,16.3,41,28,59.4
Lorenzo Montipò,ITA,GK,Hellas Verona,27,1996,37.0,5,1,83.3
Nikola Moro,CRO,MF,Bologna,25,1998,9.3,4,13,23.5
Dany Mota,POR,"FW,MF",Monza,25,1998,22.8,40,48,45.5
Samuele Mulattieri,ITA,"FW,MF",Sassuolo,22,2000,5.1,23,35,39.7
Luis Muriel,COL,"FW,MF",Atalanta,32,1991,4.5,6,7,46.2
Yunus Musah,USA,"MF,FW",Milan,20,2002,16.4,14,18,43.8
Juan Musso,ARG,GK,Atalanta,29,1994,11.0,2,0,100.0
Kingstone Mutandwa,ZAM,"FW,MF",Cagliari,20,2003,0.4,3,3,50.0
Obite N'Dicka,CIV,DF,Roma,23,1999,24.1,38,27,58.5
Nahitan Nández,URU,"MF,DF",Cagliari,27,1995,26.0,37,46,44.6
Natan,BRA,DF,Napoli,22,2001,10.6,25,23,52.1
Lapo Nava,ITA,GK,Milan,19,2004,0.0,0,0,
Michel Ndary Adopo,FRA,MF,Atalanta,23,2000,1.2,3,1,75.0
Dan Ndoye,SUI,"FW,MF",Bologna,22,2000,19.7,7,16,30.4
Cyril Ngonge,BEL,"FW,MF",Hellas Verona,23,2000,15.9,24,42,36.4
Cyril Ngonge,BEL,FW,Napoli,23,2000,3.5,4,2,66.7
M'Baye Niang,SEN,FW,Empoli,28,1994,7.9,24,38,38.7
Hans Nicolussi Caviglia,ITA,MF,Juventus,23,2000,3.0,2,2,50.0
Joseph Nonge,BEL,MF,Juventus,18,2005,0.3,1,0,100.0
Tijjani Noslin,NED,"FW,MF",Hellas Verona,24,1999,14.9,49,71,40.8
Simeon Nwankwo,NGA,FW,Salernitana,31,1992,7.6,24,41,36.9
M'Bala Nzola,ANG,FW,Fiorentina,26,1996,17.2,53,70,43.1
Adam Obert,SVK,DF,Cagliari,20,2002,10.5,14,18,43.8
Pedro Obiang,EQG,MF,Sassuolo,31,1992,5.0,5,4,55.6
Guillermo Ochoa,MEX,GK,Salernitana,38,1985,21.0,2,0,100.0
Jens Odgaard,DEN,"FW,MF",Bologna,24,1999,4.8,12,15,44.4
Noah Okafor,SUI,"FW,MF",Milan,23,2000,9.9,7,13,35.0
David Okereke,NGA,"FW,MF",Torino,25,1997,2.8,7,9,43.8
Caleb Okoli,ITA,DF,Frosinone,22,2001,32.4,74,59,55.6
Maduka Okoye,NGA,GK,Udinese,23,1999,21.0,6,1,85.7
Mathías Olivera,URU,DF,Napoli,25,1997,17.4,37,30,55.2
Gaetano Oristanio,ITA,"FW,MF",Cagliari,20,2002,12.3,17,22,43.6
Riccardo Orsolini,ITA,"FW,MF",Bologna,26,1997,19.9,16,17,48.5
Victor Osimhen,NGA,FW,Napoli,24,1998,22.0,37,47,44.0
Remi Oudin,FRA,"MF,FW",Lecce,26,1996,20.2,12,12,50.0
Anthony Oyono,GAB,DF,Frosinone,22,2001,13.3,13,9,59.1
Simone Pafundi,ITA,MF,Udinese,17,2006,0.1,1,0,100.0
Riccardo Pagano,ITA,"MF,DF",Roma,18,2004,0.6,0,1,0.0
Christos Papadopoulos,GRE,FW,Genoa,18,2004,0.0,0,0,
Leandro Paredes,ARG,MF,Roma,29,1994,29.3,14,3,82.4
Fabiano Parisi,ITA,DF,Fiorentina,22,2000,16.2,24,20,54.5
Mario Pašalić,CRO,MF,Atalanta,28,1995,22.8,36,31,53.7
Triantafyllos Pasaridīs,GRE,DF,Salernitana,27,1996,5.0,7,13,35.0
Patric,ESP,DF,Lazio,30,1993,17.9,9,17,34.6
Rui Patrício,POR,GK,Roma,35,1988,23.0,2,0,100.0
Benjamin Pavard,FRA,DF,Inter,27,1996,18.6,35,27,56.5
Leonardo Pavoletti,ITA,FW,Cagliari,34,1988,7.0,57,41,58.2
Martín Payero,ARG,MF,Udinese,24,1998,20.0,20,19,51.3
Marcus Pedersen,NOR,DF,Sassuolo,23,2000,17.9,9,18,33.3
Pedro,ESP,"FW,MF",Lazio,36,1987,9.1,2,10,16.7
Pietro Pellegri,ITA,FW,Torino,22,2001,8.4,23,38,37.7
Lorenzo Pellegrini,ITA,MF,Roma,27,1996,20.7,12,17,41.4
Luca Pellegrini,ITA,DF,Lazio,24,1999,8.7,13,7,65.0
Marco Pellegrino,ARG,DF,Salernitana,21,2002,6.1,9,18,33.3
Marco Pellegrino,ARG,DF,Milan,21,2002,0.8,1,1,50.0
Pepín,EQG,"MF,FW",Monza,26,1996,2.7,0,2,0.0
Pedro Pereira,POR,DF,Monza,25,1998,9.3,5,6,45.5
Roberto Pereyra,ARG,"FW,MF",Udinese,32,1991,20.6,4,8,33.3
Nehuén Pérez,ARG,DF,Udinese,23,2000,36.0,81,44,64.8
Simone Perilli,ITA,GK,Hellas Verona,28,1995,1.0,0,0,
Mattia Perin,ITA,GK,Juventus,30,1992,2.5,0,0,
Samuele Perisan,ITA,GK,Empoli,25,1997,1.0,0,0,
Matteo Pessina,ITA,MF,Monza,26,1997,35.8,32,33,49.2
Andrea Petagna,ITA,FW,Cagliari,28,1995,11.1,26,30,46.4
Giuseppe Pezzella,ITA,DF,Empoli,25,1997,12.1,13,5,72.2
Roberto Piccoli,ITA,FW,Empoli,22,2001,0.4,1,2,33.3
Roberto Piccoli,ITA,FW,Lecce,22,2001,15.3,53,84,38.7
Santiago Pierotti,ARG,"MF,FW",Lecce,22,2001,2.2,2,9,18.2
Niccolò Pierozzi,ITA,DF,Salernitana,21,2001,9.7,17,9,65.4
Andrea Pinamonti,ITA,FW,Sassuolo,24,1999,34.2,79,159,33.2
Carlo Pinsoglio,ITA,GK,Juventus,33,1990,0.5,0,0,
Lorenzo Pirola,ITA,DF,Salernitana,21,2002,22.1,58,35,62.4
Niccolò Pisilli,ITA,MF,Roma,18,2004,0.1,0,0,
Tommaso Pobega,ITA,MF,Milan,24,1999,3.5,2,2,50.0
Paul Pogba,FRA,MF,Juventus,30,1993,0.6,1,0,100.0
Matteo Politano,ITA,FW,Napoli,29,1993,26.2,3,12,20.0
Marin Pongračić,CRO,DF,Lecce,25,1997,35.8,59,38,60.8
Stefan Posch,AUT,DF,Bologna,26,1997,26.8,34,29,54.0
Matteo Prati,ITA,MF,Cagliari,19,2003,21.9,9,13,40.9
Ivan Provedel,ITA,GK,Lazio,29,1994,30.0,3,0,100.0
Christian Pulisic,USA,"FW,MF",Milan,24,1998,28.9,16,26,38.1
George Pușcaș,ROU,FW,Genoa,27,1996,2.1,12,8,60.0
Domingos Quina,POR,MF,Udinese,23,1999,0.1,0,1,0.0
Adrien Rabiot,FRA,MF,Juventus,28,1995,29.5,54,40,57.4
Uroš Račić,SRB,MF,Sassuolo,25,1998,9.1,12,13,48.0
Nemanja Radonjić,SRB,"MF,FW",Torino,27,1996,4.2,0,5,0.0
Boris Radunović,SRB,GK,Cagliari,27,1996,7.0,1,1,50.0
Hamza Rafia,TUN,MF,Lecce,24,1999,13.4,9,20,31.0
Ylber Ramadani,ALB,MF,Lecce,27,1996,33.0,29,27,51.8
Luca Ranieri,ITA,DF,Fiorentina,24,1999,22.9,40,38,51.3
Filippo Ranocchia,ITA,"MF,DF",Empoli,22,2001,5.3,6,4,60.0
Giacomo Raspadori,ITA,"FW,MF",Napoli,23,2000,17.6,7,18,28.0
Federico Ravaglia,ITA,GK,Bologna,23,1999,5.9,1,0,100.0
Tijjani Reijnders,NED,MF,Milan,25,1998,31.3,8,18,30.8
Reinier,BRA,"MF,FW",Frosinone,21,2002,11.8,9,18,33.3
Mateo Retegui,ITA,FW,Genoa,24,1999,24.6,60,61,49.6
Samuele Ricci,ITA,MF,Torino,21,2001,26.6,17,25,40.5
Ricardo Rodríguez,SUI,DF,Torino,30,1992,30.8,41,29,58.6
Alessio Romagnoli,ITA,DF,Lazio,28,1995,26.8,76,54,58.5
Simone Romagnoli,ITA,DF,Frosinone,33,1990,30.2,97,78,55.4
Luka Romero,ARG,"FW,MF",Milan,18,2004,1.0,1,1,50.0
Marten de Roon,NED,"MF,DF",Atalanta,32,1991,28.9,35,27,56.5
Francesco Rossi,ITA,GK,Atalanta,32,1991,0.1,0,0,
Nicolò Rovella,ITA,MF,Lazio,21,2001,14.6,11,9,55.0
Amir Rrahmani,KVX,DF,Napoli,29,1994,28.9,79,46,63.2
Ruan,BRA,DF,Sassuolo,24,1999,16.8,34,27,55.7
Daniele Rugani,ITA,DF,Juventus,29,1994,13.2,25,24,51.0
Matteo Ruggeri,ITA,DF,Atalanta,21,2002,27.2,49,36,57.6
Mário Rui,POR,DF,Napoli,32,1991,13.4,10,27,27.0
Stefano Sabelli,ITA,DF,Genoa,30,1993,27.0,16,22,42.1
Alexis Saelemaekers,BEL,"FW,MF",Bologna,24,1999,21.0,8,7,53.3
Lazar Samardzic,SRB,MF,Udinese,21,2002,26.4,14,35,28.6
Junior Sambia,FRA,"DF,MF",Salernitana,26,1996,11.5,23,12,65.7
Antonio Sanabria,PAR,"FW,MF",Torino,27,1996,23.7,62,73,45.9
Renato Sanches,POR,MF,Roma,25,1997,1.6,1,2,33.3
Alexis Sánchez,CHI,"FW,MF",Inter,34,1988,8.5,8,13,38.1
Alex Sandro,BRA,DF,Juventus,32,1991,8.0,12,9,57.1
Nicola Sansone,ITA,"FW,MF",Lecce,31,1991,8.5,9,13,40.9
Riccardo Saponara,ITA,"FW,MF",Hellas Verona,31,1991,3.8,1,5,16.7
Zanos Savva,CYP,"DF,MF",Torino,17,2005,0.3,0,1,0.0
Saba Sazonov,GEO,DF,Torino,21,2002,4.0,10,10,50.0
Giorgio Scalvini,ITA,DF,Atalanta,19,2003,28.3,80,40,66.7
Gianluca Scamacca,ITA,FW,Atalanta,24,1999,16.1,21,34,38.2
Perr Schuurs,NED,DF,Torino,23,1999,8.6,15,9,62.5
Simone Scuffet,ITA,GK,Cagliari,27,1996,31.0,4,0,100.0
Demba Seck,SEN,MF,Torino,22,2001,4.7,3,10,23.1
Demba Seck,SEN,"FW,MF",Frosinone,22,2001,3.3,3,7,30.0
Nikola Sekulov,ITA,FW,Juventus,21,2002,0.1,0,1,0.0
Vivaldo Semedo,POR,FW,Udinese,18,2005,0.1,0,0,
Stefano Sensi,ITA,MF,Inter,27,1995,0.5,0,0,
Suat Serdar,GER,MF,Hellas Verona,26,1997,18.4,22,21,51.2
Andres Sfait,ROU,"DF,MF",Salernitana,18,2004,0.3,0,0,
Stephan El Shaarawy,ITA,"FW,DF",Roma,30,1992,19.3,9,15,37.5
Eldor Shomurodov,UZB,"FW,MF",Cagliari,28,1995,10.4,21,44,32.3
Steven Shpendi,ALB,"FW,MF",Empoli,20,2003,4.6,3,18,14.3
Marco Silvestri,ITA,GK,Udinese,32,1991,17.0,2,3,40.0
Giovanni Simeone,ARG,FW,Napoli,28,1995,8.9,21,22,48.8
Jan-Carlo Simic,SRB,DF,Milan,18,2005,1.6,2,2,50.0
Leo Skiri Østigård,NOR,DF,Napoli,23,1999,18.1,58,25,69.9
Łukasz Skorupski,POL,GK,Bologna,32,1991,32.0,1,2,33.3
Chris Smalling,ENG,DF,Roma,33,1989,4.3,22,7,75.9
Andrea Sodero,ITA,MF,Empoli,18,2004,0.1,0,0,
Ola Solbakken,NOR,FW,Roma,24,1998,0.3,0,2,0.0
Daniele Sommariva,ITA,GK,Genoa,26,1997,0.1,1,0,100.0
Yann Sommer,SUI,GK,Inter,34,1988,34.0,3,1,75.0
Brandon Soppy,FRA,DF,Torino,21,2002,2.0,0,1,0.0
Alessandro Sorrentino,ITA,GK,Monza,21,2002,6.1,0,0,
Riccardo Sottil,ITA,FW,Fiorentina,24,1999,12.3,7,3,70.0
Matìas Soulé,ARG,"FW,MF",Frosinone,20,2003,34.7,11,44,20.0
Djed Spence,ENG,DF,Genoa,22,2000,9.5,12,14,46.2
Leonardo Spinazzola,ITA,DF,Roma,30,1993,14.6,6,6,50.0
Marco Sportiello,ITA,GK,Milan,31,1992,7.0,0,0,
Trivante Stewart,JAM,"FW,MF",Salernitana,23,2000,1.1,2,6,25.0
Gabriel Strefezza,BRA,FW,Lecce,26,1997,12.4,4,14,22.2
Kevin Strootman,NED,MF,Genoa,33,1990,13.4,7,11,38.9
Isaac Success,NGA,"FW,MF",Udinese,27,1996,9.8,27,31,46.6
Ibrahim Sulemana,GHA,MF,Cagliari,20,2003,14.9,13,19,40.6
Tomáš Suslov,SVK,"MF,FW",Hellas Verona,21,2002,23.2,5,12,29.4
Mile Svilar,SRB,GK,Roma,23,1999,15.0,5,0,100.0
Karol Świderski,POL,"FW,MF",Hellas Verona,26,1997,5.6,10,25,28.6
Wojciech Szczęsny,POL,GK,Juventus,33,1990,35.0,3,1,75.0
Przemysław Szymiński,POL,MF,Frosinone,29,1994,0.1,0,0,
Adrien Tameze,CMR,"DF,MF",Torino,29,1994,23.8,30,39,43.5
Elayis Tavsan,NED,"MF,FW",Hellas Verona,22,2001,0.6,0,0,
Loum Tchaouna,FRA,"FW,MF",Salernitana,19,2003,23.3,27,66,29.0
Jackson Tchatchoua,CMR,DF,Hellas Verona,21,2001,19.2,13,13,50.0
Filippo Terracciano,ITA,DF,Hellas Verona,20,2003,14.4,19,18,51.4
Filippo Terracciano,ITA,"DF,FW",Milan,20,2003,0.8,0,0,
Pietro Terracciano,ITA,GK,Fiorentina,33,1990,33.0,1,0,100.0
Florian Thauvin,FRA,FW,Udinese,30,1993,19.0,10,26,27.8
Malick Thiaw,GER,DF,Milan,21,2001,18.0,37,21,63.8
Morten Thorsby,NOR,MF,Genoa,27,1996,12.9,67,56,54.5
Kristian Thorstvedt,NOR,MF,Sassuolo,24,1999,26.6,55,68,44.7
Marcus Thuram,FRA,FW,Inter,25,1997,29.9,70,42,62.5
Antonio Tikvić,CRO,DF,Udinese,19,2004,0.0,0,0,
Jeremy Toljan,GER,DF,Sassuolo,28,1994,23.1,9,16,36.0
Rafael Tolói,ITA,DF,Atalanta,32,1990,10.7,17,14,54.8
Fikayo Tomori,ENG,DF,Milan,25,1997,23.6,29,26,52.7
Ahmed Touba,ALG,DF,Lecce,25,1998,3.1,5,6,45.5
Chaka Traorè,CIV,FW,Milan,18,2004,0.2,0,1,0.0
Stefano Turati,ITA,GK,Frosinone,21,2001,30.5,2,1,66.7
Kacper Urbanski,POL,"MF,FW",Bologna,18,2004,10.3,22,12,64.7
Emanuele Valeri,ITA,DF,Frosinone,24,1998,13.1,9,9,50.0
Johan Vásquez,MEX,DF,Genoa,24,1998,31.7,77,55,58.3
Matías Vecino,URU,MF,Lazio,31,1991,12.8,34,36,48.6
Lorenzo Venuti,ITA,DF,Lecce,28,1995,4.0,2,3,40.0
Simone Verdi,ITA,FW,Torino,31,1992,0.0,0,0,
Emanuel Vignato,ITA,"MF,FW",Salernitana,22,2000,3.5,0,4,0.0
Samuele Vignato,ITA,"MF,FW",Monza,19,2004,3.8,1,5,16.7
Matías Viña,URU,DF,Sassuolo,25,1997,11.3,11,15,42.3
Rúben Vinagre,POR,"DF,FW",Hellas Verona,24,1999,3.1,1,5,16.7
Nicolas Viola,ITA,"MF,FW",Cagliari,33,1989,13.4,18,32,36.0
Mattia Viti,ITA,DF,Sassuolo,21,2002,10.9,13,10,56.5
Vitinha,POR,"FW,MF",Genoa,23,2000,3.2,7,16,30.4
Dušan Vlahović,SRB,FW,Juventus,23,2000,25.6,37,53,41.1
Nikola Vlašić,CRO,"MF,FW",Torino,25,1997,29.0,25,37,40.3
Alessandro Vogliacco,ITA,DF,Genoa,24,1998,13.0,25,21,54.3
Mërgim Vojvoda,KVX,DF,Torino,28,1995,15.3,5,10,33.3
Cristian Volpato,ITA,"MF,FW",Sassuolo,19,2003,7.2,7,7,50.0
Stefan de Vrij,NED,DF,Inter,31,1992,17.6,46,25,64.8
Walace,BRA,MF,Udinese,28,1995,36.0,29,19,60.4
Sebastian Walukiewicz,POL,DF,Empoli,23,2000,22.8,39,49,44.3
Timothy Weah,USA,"DF,FW",Juventus,23,2000,14.0,10,13,43.5
Shon Weissman,ISR,"FW,DF",Salernitana,27,1996,5.5,6,15,28.6
Mateusz Wieteska,POL,DF,Cagliari,26,1997,10.7,27,18,60.0
Kenan Yıldız,TUR,"FW,MF",Juventus,18,2005,10.6,16,23,41.0
Mattia Zaccagni,ITA,"FW,MF",Lazio,28,1995,21.7,11,12,47.8
Nicola Zalewski,POL,"DF,FW",Roma,21,2002,10.8,10,8,55.6
Andre-Frank Zambo Anguissa,CMR,MF,Napoli,27,1995,31.0,46,45,50.5
Alessandro Zanoli,ITA,DF,Salernitana,22,2000,10.2,7,12,36.8
Alessandro Zanoli,ITA,"DF,FW",Napoli,22,2000,0.6,0,2,0.0
Duván Zapata,COL,FW,Torino,32,1991,32.0,129,115,52.9
Duván Zapata,COL,FW,Atalanta,32,1991,1.2,5,5,50.0
Gabriele Zappa,ITA,DF,Cagliari,23,1999,28.5,19,32,37.3
Davide Zappacosta,ITA,DF,Atalanta,31,1992,20.7,9,13,40.9
Oier Zarraga,ESP,MF,Udinese,24,1999,4.5,3,3,50.0
Jordan Zemura,ZIM,DF,Udinese,23,1999,11.5,9,10,47.4
Alessio Zerbin,ITA,"DF,FW",Monza,24,1999,7.6,2,10,16.7
Alessio Zerbin,ITA,"FW,DF",Napoli,24,1999,1.7,1,1,50.0
Kevin Zeroli,ITA,MF,Milan,18,2005,0.3,1,1,50.0
Piotr Zieliński,POL,MF,Napoli,29,1994,21.4,6,11,35.3
David Zima,CZE,DF,Torino,22,2000,1.0,2,5,28.6
Joshua Zirkzee,NED,FW,Bologna,22,2001,30.7,29,39,42.6
Nadir Zortea,ITA,DF,Frosinone,24,1999,14.0,11,21,34.4
Nadir Zortea,ITA,DF,Atalanta,24,1999,1.7,0,2,0.0
Szymon Żurkowski,POL,MF,Empoli,25,1997,9.6,7,17,29.2
Milan Đurić,BIH,FW,Hellas Verona,33,1990,13.4,135,43,75.8
Milan Đurić,BIH,FW,Monza,33,1990,14.0,86,40,68.3
Mateusz Łęgowski,POL,MF,Salernitana,20,2003,12.7,13,16,44.8